Media Filename,Media Caption
media/a2d45dc0-d103-4051-a147-c2ef5d287cdc.mp4,Zwift - Climb Portal: Lagos de Covadonga at 100% Elevation in Watopia
media/17fc1d32-ae57-4aac-9fa5-b08d54f27dae.jpg,""
media/e0bee69d-c0a5-4383-8ae7-312ef8f83f83.mp4,Zwift - Watopia
media/f694acfb-9c49-4aa3-a555-34f3aed34769.jpg,""
media/7711B6E9-3BCF-453B-9EDF-445F8885425F.jpg,""
media/196E8356-742C-4462-BD0E-4D4E1D8DFE5B.jpg,""
media/58763BB6-3B90-44C4-9E0C-66DEAC72418C.jpg,""
media/2BF026A1-C015-4D66-9044-D4EE7880BBCF.jpg,""
media/A9EB2495-5EF8-44E7-94D1-18EC48859E46.jpg,""
media/7620AC67-5AC7-4C9B-852C-DC5367062962.jpg,""
media/324BFFA9-A36D-46D5-B963-C6C44A0880DE.jpg,""
media/D370B023-C643-4D54-A9E9-FFDCC9F60E81.jpg,""
media/B8FF4AE2-3CD1-48F1-A87C-AFF528B1BFF3.jpg,""
media/44035036-9E97-4263-AAF2-4B47A6FBAFA9.jpg,""
media/CD857B1E-E41D-4EDB-BC4F-0F93A12EC59A.jpg,""
media/19D85B90-E9B6-4E19-BDA4-757349BAB87E.jpg,""
media/305C859F-DD9C-4483-941F-5B6DFC424656.jpg,""
media/58282730-A250-45BA-93BE-49D9584EDC1B.jpg,""
media/759C0393-F189-452F-A313-1CD1CA56BED7.jpg,""
media/FC08DA02-3D4B-402B-8FE6-24240588B4C8.jpg,""
media/9BEBCE53-B626-46FB-907F-F12CC7C37A2E.jpg,""
media/26ed7811-37eb-41d6-8794-d3af426e1286.mp4,Zwift - Group Ride: Long - Stage 6 - Tour de Zwift on The Greenway in New York
media/3b9fdff0-2523-4485-bd2e-9a09c7d45ec2.mp4,Zwift - Group Ride: Short - Stage 6 - Tour de Zwift on Richmond Rollercoaster in Richmond
media/17729586-506c-4447-98f7-c0ec368f506c.mp4,Zwift - Group Ride: Standard - Stage 6 - Tour de Zwift on No Sleep Till Brooklyn in New York
media/2d45344c-369f-4fef-9524-7756d1132329.jpg,""
media/1330A4AE-3BD1-4F0A-B5EF-97A066D66EB2.jpg,""
media/40621DCB-5047-45BE-AC50-2871EA6A31EA.jpg,""
media/8e5b035d-2d73-4ceb-bc07-167044fad9b8.jpg,""
media/839855a7-4d86-401a-85d1-d1f1813f5783.jpg,""
media/ed73d06d-3a2b-4de8-b4e0-5034d1732ad7.mp4,Zwift - Group Ride: Long - Stage 5 - Tour de Zwift on Tour of Fire and Ice in Watopia
media/3033b853-074b-4c10-bb02-a645edf45430.mp4,Zwift - Group Ride: Short - Stage 5 - Tour de Zwift on Ocean Lava Cliffside Loop in Watopia
media/cdb7a56b-1a09-4cee-9ea4-864a17c702ca.mp4,Zwift - Group Ride: Standard - Stage 5 - Tour de Zwift on Glyph Heights in Watopia
media/c517744b-5808-4c8a-b27d-e82df2ff0d09.mp4,Zwift - Pacer Group Ride: The Magnificent 8 in Watopia with Yumi
media/6b7b5a1f-fa85-48e6-b24e-fae70ad02af9.mp4,Zwift - Group Ride: Long - Stage 4 - Tour de Zwift on Triple Loops in London
media/7325d558-ddb4-4e48-a6e6-78acfc739d7b.jpg,""
media/51B489E2-1854-46D1-8485-231A8CCBDEED.jpg,""
media/a9aed9c3-e037-46ce-9ab3-e59918cdb29d.jpg,""
media/2999a88f-6560-4e05-a371-7a1c5a39d09b.mp4,Zwift - Group Ride: Short - Stage 4 - Tour de Zwift on London 8 in London
media/0f6cd86c-621b-48c8-ac76-2ac11349d2e0.mp4,Zwift - Group Ride: Standard - Stage 4 - Tour de Zwift on Greatest London Flat in London
media/4ba24ab8-d4a0-49d4-8db1-094267fe4b98.jpg,""
media/e867d536-acc7-489e-b3d7-d683a51ba46b.mp4,Two Crows 
media/da699e95-4c37-4724-ac88-235c00864422.mp4,Zwift - Group Ride: Standard - Stage 3 - Tour de Zwift on Yorkshire Double Loop in Yorkshire
media/fede740f-dc67-4534-8979-5acb01dc2085.mp4,Zwift - Group Ride: Short - Stage 3 - Tour de Zwift on BRAEk-fast Crits and Grits in Scotland
media/21d14ab5-529e-464c-8ba0-fc151fe2daa5.mp4,Zwift - Group Ride: Standard - Stage 3 - Tour de Zwift on Yorkshire Double Loop in Yorkshire
media/71b94875-8df6-4104-82d2-d74b9542fb25.mp4,Zwift - Group Ride: WOW - High Speed Ride on TT Bikes with Draft (B) on Tempus Fugit in Watopia
media/ff31daed-bea7-4b60-aa4b-e4f926073622.mp4,Zwift - Group Ride: Standard - Stage 2 - Tour de Zwift on Three Musketeers in France
media/6325b35c-7229-4c83-980e-8241797b8c11.mp4,Zwift - Group Ride: Long - Stage 1 - Tour de Zwift on Shisa Shakedown in Makuri Islands
media/36211671-51e3-4a5d-a4cc-71db2a2758b3.mp4,Zwift - Group Ride: Standard - Stage 1 - Tour de Zwift on Chasing the Sun in Makuri Islands
media/17e6e0d1-53b6-4a35-bd19-503731a952b6.mp4,Zwift - Group Ride: Short - Stage 1 - Tour de Zwift on Turf N Surf in Makuri Islands
media/0476fd1c-8a99-4fa7-8026-29ef725d8e08.mp4,Zwift - Climb Portal: Lagos de Covadonga at 100% Elevation in Watopia
media/d2c9042c-1974-46e3-aec3-bb5145ab5a53.mp4,Zwift - Aaron Doucett [Rippers]'s Meetup on 2018 Worlds Short Lap in Innsbruck
media/86867b64-6032-4fbf-aa4a-774bee3aad82.jpg,""
media/6F3FF95B-64D6-452D-B434-712E3B3E390F.jpg,""
media/1985C299-8B0C-452A-A1D2-0B9B7DE84EA3.jpg,""
media/4B9A09CE-A592-4928-83B6-A0F3173E9662.jpg,""
media/EC943E92-4135-4FA2-8025-8480599152A4.jpg,""
media/ACB5EDCA-1CBC-4631-BCF6-C62BA2DC8BC0.jpg,""
media/182E50D3-4884-4A43-AEBC-564F0BC8B932.jpg,""
media/2573fa0f-4b64-4d9d-9a62-cddcf777fed7.jpg,""
media/d154d0b8-8cf7-4dbb-bdf4-9a85d0a09755.mp4,Zwift - Flat Route in Watopia
media/0bc7b2db-0895-46b8-ad50-4ad104beb0af.mp4,Zwift Race: Cleveland Wheelers CC Time Trial (A) on Bologna Time Trial in Bologna TT
media/edc4531c-9a3e-410c-b8e9-cb9bdc3c07e8.jpg,""
media/2def544e-be59-4a06-ad97-bb7269424521.mp4,Zwift - TT: Zwift TT Club Racing - Loch Loop (B) on Loch Loop in Scotland
media/a17b2a54-1d6e-4043-8d12-0303a3641d75.mp4,Zwift - Figure 8 in Watopia
media/feebca6e-fb8c-48dc-98af-766e026163c5.mp4,Zwift - Climb Portal: Bealach na Ba at 125% Elevation in France
media/db8d2f81-14ea-4668-8b9d-7ece40326dfb.jpg,""
media/83ac28b2-b49c-41c1-a92e-19d619922301.jpg,""
media/ea0bec70-b6cd-4127-808c-7edbdc5bca0a.jpg,""
media/609b9f94-1e34-4a94-b736-5297496bdc2f.mp4,Zwift - Climb Portal: Bealach na Ba at 100% Elevation in France
media/9f9355f8-0685-44a0-92df-f3728807112b.jpg,""
media/3fb76b6e-d15f-491b-9350-3b568ccfcac4.mp4,Zwift - Flat Out Fast in Watopia
media/6d70b241-ce91-4bbd-932e-53033dc50205.mp4,Birthday Ride 
media/A332E254-E569-4A28-8D15-3C35A35F97D5.jpg,""
media/A1A66AD7-D1EB-4238-8CBE-F2A2F1A607CB.mp4,""
media/A61A61C6-8767-408D-9C4A-B606C6159014.jpg,""
media/774F957C-D7FF-4D85-9D93-EC7771F1698E.jpg,""
media/29AF0B34-A620-4CC6-BCC8-8E77EDBCF2EB.jpg,""
media/E286308E-0DD9-4D3E-B9BC-4CFAFD8A16A0.jpg,""
media/0B5AAFC6-64F6-4EB0-83AB-357D112F5B6D.jpg,""
media/9F9E804E-BB84-4EE0-98B1-C55D00F916CD.jpg,""
media/55B38EB3-B2DF-4B33-9A94-D3CD5F686FDA.jpg,""
media/b9ee4f6e-e824-408d-832e-a4e01e77ab8f.mp4,Zwift - Stay Puft Pursuit in New York
media/E3EAEDDA-E28E-49DE-8DC9-474EAF2550E2.jpg,""
media/947574F7-DA04-41A8-AC50-06212EFC6AB3.jpg,""
media/A44264CA-901C-4122-93D2-5B3690FD5495.jpg,""
media/f396d144-ab0a-4145-aa52-860625367a32.mp4,Zwift - Climb Portal: Col du Galibier (Lautaret) at 100% Elevation in France
media/A02956B7-BFBE-4B8D-BA0A-0F56D08AB608.jpg,""
media/8FD86E2E-CCC3-4B56-BB15-63A4DAC03879.jpg,""
media/808503A5-8744-4102-906B-3FF909F9756C.jpg,""
media/78659A37-C27F-4F07-9C11-2FD9B9A67510.jpg,""
media/10DB77B2-F4C0-4743-8F9F-954203A5F27B.jpg,""
media/1F4284D7-A48E-4115-BF3B-F0C69A541E43.jpg,""
media/AD04B8EB-DF78-46E6-A2EF-CE28B89DF799.jpg,""
media/142D0B0F-5000-4F97-A665-0EAFE3A16BA1.jpg,""
media/005DB6DD-3D6B-499F-B643-0A5961ED265D.jpg,""
media/D6C7D01E-76E6-4A44-A700-214993F0731E.jpg,""
media/E2F7F8F9-07B3-4182-A902-91C662D56E5E.jpg,""
media/63595DE4-BC79-47C1-AE19-E43E8ABEF12C.jpg,""
media/5B079754-08EF-4CF5-A89E-C77C99F3B9FD.jpg,""
media/6C48B334-C03B-4204-A4F1-30C15CEEA006.jpg,""
media/B89C94C3-A18C-46CA-9859-23A34F191738.jpg,""
media/489D02E3-7A80-41F2-BB2A-2370B457BD70.jpg,""
media/B99CF823-463B-4FD2-9830-32FF97DCCBD6.jpg,""
media/9444BD73-89B6-4690-AAF1-644F676D5FFB.jpg,""
media/394c617b-845a-40aa-a635-71bf60d7a2f3.jpg,""
media/59FB99E3-9163-488A-8D79-2A0DEFE980CE.jpg,""
media/0F425003-500C-4FA2-ACA6-87C5A80D30E2.jpg,""
media/60FDBC25-2E08-4507-BD91-BFDE650F9041.jpg,""
media/F168ED45-C770-4A77-8216-B9533EFFF4ED.jpg,""
media/49221208-2fc4-4838-9495-5aa73fc3ce21.mp4,Zwift - Climb Portal: Col du Galibier (Lautaret) at 100% Elevation in Watopia
media/ce0bce40-6454-4997-aea1-14f07e0ec539.mp4,Zwift - Climb Portal: Isola 2000 at 100% Elevation in France
media/49F5AB3A-579A-4E85-9F73-2E971E6FEEC8.jpg,""
media/FD6B6F17-1036-4CA2-8917-D7CFC6A91059.jpg,""
media/6BFEB35A-26BF-49D0-9A43-8C2A398614E7.jpg,""
media/1B8FF085-FE8E-481C-BE4A-686CDC13E8D5.jpg,""
media/5AF8079D-79A9-4697-B602-44B4DF51CB23.jpg,""
media/8b21cab2-410b-4f64-805e-5dddac3a9946.mp4,Zwift - Figure 8 Reverse in Watopia
media/44CB744C-AE6D-4FC2-BDDB-E0745ECE77F7.jpg,""
media/65FADCAE-85D9-42C4-9A60-5E5D89B22327.jpg,""
media/12ACDBD7-E673-4A5A-A021-1C0336A600E5.jpg,""
media/DE2EA5D7-6A92-4468-B53F-7A6D9E97227F.jpg,""
media/F2AA9E0E-FAEE-49A8-BE1A-C6C286E4B96A.jpg,""
media/1DE095D7-5C98-4402-8E7E-12EAE7F8AB5F.jpg,""
media/C324206C-95D8-4C6D-BB70-C325245FD8F6.jpg,""
media/1361FABF-2E02-4B67-A15C-B680E7BDED03.jpg,""
media/14D79BA3-3323-4E2B-9BD5-A08CB70E6A22.jpg,""
media/03D35C3C-DA8B-4BB5-B268-2C4C2CA8B262.jpg,""
media/8D314CF3-0395-48D8-A054-AC131E23D09D.jpg,""
media/DD53C029-30E7-43A0-9E83-7BFF97DE91CE.jpg,""
media/E29B6A68-8414-4A4E-975F-2B44E081BF91.jpg,""
media/ECC5F2C3-FBFD-4F68-BF7A-60CF0D59DE6E.jpg,""
media/2A466C72-BD48-4102-B363-9BC4461A9CB1.jpg,""
media/C39C183E-27FB-48F5-B172-82A98F6EF93F.jpg,""
media/769EF0E2-B8C0-4052-A5D1-2FE84C688E6E.jpg,""
media/C2E00B4E-21D9-4541-9BEA-4701D731F83E.jpg,""
media/1CD08C8D-E40E-42D0-96F3-F9D844096B80.jpg,""
media/CC1DCF49-3B28-48AF-9607-200992FE833A.jpg,""
media/11E78DAC-8E8E-46F2-BFF5-D99070B7B259.jpg,""
media/56429E2D-1CAB-435F-ADF4-6DA1FC1B197C.jpg,""
media/A3DB9598-F0A4-4B7C-B9EF-9C6E121834B3.jpg,""
media/0F5A7868-5915-43F0-B612-577C980288C6.jpg,""
media/5332F0F7-20C3-4F9A-9E67-1D897456F8BD.jpg,""
media/566E4A1D-BDA5-41C9-89B6-071754BB4E27.jpg,""
media/0C2C1B7D-1936-4F99-BD0D-811E042DAB2F.jpg,""
media/7A980475-4D80-4F59-B323-CF391915E8D0.jpg,""
media/B31B766B-260C-4068-9734-203BE0E62A6A.jpg,""
media/13DBD009-9B59-461A-B0CA-4690787D3B95.jpg,""
media/319E170B-1AFF-48C8-9C92-662ACA457171.jpg,""
media/ED07CB17-E654-4E4B-8D75-CC7ECAA7AFAD.jpg,STRAVA is in here 
media/9ca5ae03-99bc-47c2-9ae7-caaabb13fed6.mp4,Zwift - France
media/D4C81524-9A46-4203-9217-601B2FFB4704.jpg,""
media/C26FC5EF-B37E-4C63-8633-473E0EC4CE16.jpg,""
media/4B7E9864-F55A-4A06-AA9A-9DCD914DA5EE.jpg,""
media/98B4DE0B-0245-47ED-B77F-AA3C650A0D18.jpg,""
media/8101B327-3BC8-467A-839E-014449E614F0.jpg,""
media/EF5A9894-6A29-4180-857B-D9A51C6D5119.jpg,""
media/7bfe9efb-b62c-4c30-847d-43eaba7e9ac7.jpg,""
media/B84C25C6-A5CA-4E44-AFA9-9F7C7CAFA27F.jpg,""
media/0FB3AD67-D561-4BE7-B304-A6453EFE20A7.jpg,""
media/C97A7EA7-C59B-4710-A5EB-EA0B2D4D7294.jpg,""
media/39DC9F53-FD00-41A7-8EE0-116A5D8E671D.jpg,""
media/63A3AB8F-90FB-4843-9AF5-EA1BE945234C.jpg,""
media/74C7A175-BDB3-4C00-9F73-A2808E09C180.jpg,""
media/8F8BD0E7-087E-4F16-A170-441378E17AC9.jpg,""
media/DFD5C8B9-55C1-40E0-AC9C-91F615E5F414.jpg,""
media/94B66720-AC12-4DF8-8FF9-5A18D5F46F19.jpg,""
media/582d3d7a-4e3a-472b-9ec9-0995d56f51b4.mp4,ride #18-  Stage 6 | Tour de Zwift on Coast to Coast in Watopia
media/9bbe7b37-a5ef-4aa7-95fe-359690918c9d.mp4,| Stage 6 | Tour de Zwift on Coast Crusher in Watopia
media/5c9d09a8-15a1-4c8c-8225-d37d83977d97.mp4,Zwift - Spiral into the Volcano in Watopia
media/5d284dfb-a82f-4b4d-94f0-44807df7f1ef.mp4,Stage 5 | Tour de Zwift on NYC KOM After Party in New York
media/4587165b-4d25-4a6c-a176-ccab27bc782d.mp4,Zwift - Group Ride: Short | Stage 5 | Tour de Zwift on Queen's Highway After Party in Yorkshire
media/3f2e82f4-310f-4c07-becb-3aa54bcf9d8d.mp4,Stage 5 | Tour de Zwift on Libby Hill After Party in Richmond
media/e5eff523-0cb5-4069-8a4d-49ea48c12e10.mp4,Stage 4 | Tour de Zwift on Lutscher in Innsbruck
media/74aaad51-c3e2-4fc1-9e0c-bd6d98a5300e.mp4,Zwift - Group Ride: Long | Stage 4 | Tour de Zwift on La Reine in France
media/89893DD0-0AF3-4B72-B383-F2FD7F4A61B0.jpg,""
media/ADA6DE00-34F4-4ED0-9373-D470EA6C2565.jpg,""
media/1E5FA1B1-21AB-4612-BEE6-5C1C76B16989.jpg,""
media/2A22F84D-D691-4212-A17D-3396CE6D8915.jpg,""
media/1E0CFD2D-E516-4172-B2DA-755337E6A768.jpg,""
media/2CC49765-0213-47DC-9850-240EF722F68D.jpg,""
media/D6B5CB2B-8969-4F4B-A694-0119E6191DBE.jpg,""
media/E061A465-EE3E-473B-B834-4D452549AD49.jpg,""
media/352CA1AD-53F9-48A7-A92D-99178C95A909.jpg,""
media/9284f088-37fa-45ac-8404-61c07b72396b.jpg,""
media/de0dc32f-600a-4868-ae46-114b33ea539c.mp4,Zwift - Group Ride: Standard | Stage 2 | Tour de Zwift on Temples and Towers in Makuri Islands
media/a97f0863-7eed-455a-928e-b0a4a6e952fe.mp4,Zwift - Group Ride: Long | Stage 2 | Tour de Zwift on Snowman in Watopia
media/8A118EC3-F7D3-4B18-BEBD-5A58ED3E3FE8.jpg,""
media/4A136D4A-C4B7-4972-A36B-E54EDAEA7F9F.jpg,""
media/6961B890-9D53-4A4B-B789-4ACFEA6A03AD.jpg,""
media/7b9c4236-84c7-450a-957f-621f578e623d.jpg,""
media/934af397-7590-4087-ab8d-bc515e9bb374.jpg,""
media/1a6e244a-bcd9-4397-9e2b-296707769f90.jpg,""
media/1ecde47d-a99e-4133-b05b-b8b44ca8a421.jpg,""
media/f35659e7-3384-46c2-a92d-0a6f17a13be1.jpg,""
media/03498A10-8F5F-455D-9BE4-EDA1D947247D.jpg,""
media/CC76290E-461C-4755-A2E6-51FBEE32CF2E.jpg,""
media/7dcfd394-4ddf-4f23-881e-ef4736f82578.jpg,""
media/515f31e4-aa6b-42c9-9f97-65ab75b0b356.jpg,""
media/63100EAC-82E9-443E-BC8C-A50F6BED229C.jpg,""
media/6aea4eee-9172-4935-885a-c5d049868e06.jpg,""
media/83E7AB2B-FE88-4300-AEC2-5206356BC082.jpg,""
media/ecd2cde1-87dc-4384-b308-edc5710b0aeb.jpg,""
media/875ebb9d-a6ef-43bf-bf3d-7d3af1e2f680.jpg,""
media/17F057F4-A19B-4E68-BF36-82A20B99CA5C.jpg,""
media/f22cf66c-f35a-42d5-82c9-f97976371170.mp4,Zwift - Race: Stage 5: Fresh Outta 24 - Coastal Crown Loop (B) on Coastal Crown Loop in Watopia
media/e1b9b983-225f-4d73-8b2d-16800b3afc0a.jpg,""
media/F3979749-3067-4441-B62E-F59F242B4C96.jpg,""
media/49F9783E-C8D2-4165-BDBF-27345E298759.jpg,""
media/cda80a60-c290-4416-833e-b21c8be97067.jpg,""
media/7DB14982-B6BD-4B18-B6C1-CA7B62EC45E7.jpg,""
media/A0EFACA7-89DA-42D8-88A4-22E85259224B.jpg,""
media/4806759E-D471-494A-953C-D7CE2627FA19.jpg,""
media/4724b0f0-9d7c-41ab-8c40-3ea2b5d4cd47.mp4,Zwift - Elevation Evaluation in Watopia
media/009F442C-F741-4FD4-9CDF-AB4A66D45612.jpg,""
media/8B84EC42-B083-4FF5-A263-64A3C8423724.jpg,""
media/B9DEAF37-1099-45D5-81D8-72C39726EBBB.jpg,""
media/54AA3E00-869C-48D5-8D7A-1188AB62AAD3.jpg,""
media/9DC65E31-7B0A-4B73-89E0-FFB0D9F42440.jpg,""
media/62CEDFEB-23C1-4BAA-B135-4D8BBF1374EC.jpg,""
media/EB037765-15D6-41EE-A5B5-838F44C0463E.jpg,""
media/A87CD669-1EC1-4F04-9E24-A07AD8F2A0FF.jpg,""
media/D3463688-856A-4B1B-8CB7-CA86B7BA36D3.jpg,""
media/50DEFE2C-A166-4FA0-8F9D-898DE2CB4720.jpg,""
media/0F6DD8E3-7AF8-497A-B4C3-99AD77275F46.jpg,""
media/405076A2-EE4B-42C1-9057-96EB0C7F7D73.jpg,""
media/fdmwm1hqmu5.jpg,""
media/772bdc57-2431-437f-bf74-c210f1384916.jpg,""
media/9D1D6BBB-833A-4EDB-AEB0-871A69614007.jpg,""
media/2108571D-56E6-4109-879B-E9B59F1AD0EC.jpg,""
media/315C94EC-5268-48B4-9F19-36673B73BDAC.jpg,""
media/a65749a2-ff97-4df6-8e2e-43cec1f3a268.jpg,""
media/7883B971-2AC5-4499-8940-B084ED1101F6.jpg,""
media/a8bffbaf-3113-41f9-a40e-d509a557f587.jpg,""
media/E89F434D-BB4F-4922-8375-EB1DA4BB8E5C.jpg,""
media/4827b2bf-e6c9-41c5-85c7-9c69fe3e0c92.jpg,""
media/ac84eb96-9bcd-453b-9d35-1b5e7be56e1b.jpg,""
media/91b7788b-9b68-4bb9-a6c6-df8e4272b44f.jpg,""
media/25608895-3888-4e25-be46-e0d4d1c75499.jpg,""
media/1C9F4041-0103-490B-974D-ED5E08DEEC84.jpg,""
media/A3FAECBD-291D-49D6-BA2F-9B53C37E4980.jpg,""
media/33F2286B-940B-4173-98F5-353E2233D13A.jpg,""
media/5673D1F0-8497-462A-8B0B-B8C322C341F3.jpg,""
media/42A963E2-1305-4641-9635-FE565F2204CE.jpg,""
media/3156BD07-2664-4E5D-AAB3-8F4B67DFB36B.jpg,""
media/9F39CE4F-6813-444D-BF24-DF20CA928C1F.jpg,""
media/C19741DA-CA18-46C2-825A-8BA79D249C89.jpg,""
media/2D175355-315A-461A-B12E-67F9A4CFC994.jpg,""
media/8cdb3c23-0a52-4a17-925a-ea2d1ac92b2c.jpg,""
media/A95A10A9-2080-4BCA-9009-6BDF7B294D26.jpg,""
media/a8e52bb5-e7b0-409a-a916-d9dc8188ea36.jpg,""
media/FD4336F5-B28B-46E0-946B-D1F4C3A83056.jpg,""
media/A0FFB62A-DCE3-42AF-A60A-4EF470128506.mp4,""
media/DD4600AB-2524-4CAE-8DE9-1C0BC6DC21AF.jpg,""
media/DD78422E-50A1-4B33-B996-45A7DD66189F.jpg,""
media/802E5FAA-1A21-493E-8028-AA1F9483B1CD.jpg,""
media/455D5EDE-BEEC-4541-91C6-59FD22D251F5.jpg,""
media/4BC99640-A8F3-4813-B991-C7B1F345C260.jpg,""
media/43a0119f-b636-41ab-ac8e-4b0889997b9d.jpg,""
media/1723a1ab-4cfc-4ffa-9d3c-0c67d8810d01.jpg,""
media/f643f472-6b14-4c69-ac0a-cfc8616608e6.jpg,""
media/cdab1288-96bb-4a16-9b87-a0441e3328b7.jpg,""
media/e7c2b265-531e-4ec1-a3a6-8570a55286b3.jpg,""
media/06f899a3-743d-47d8-b4b2-713acb879245.jpg,""
media/B2575929-ECCE-4264-BF99-9B632142D338.jpg,""
media/3755D349-54D3-4958-BFD5-1694C41A7F0B.jpg,""
media/D80CE741-B786-41B0-AD09-9196AB6BD01C.jpg,""
media/37618B72-2C69-492D-839A-BEBD93D821B5.jpg,""
media/0B3000CC-AA8C-43AE-B3FC-E9BA1B0A29C0.jpg,""
media/40C749E7-7128-4498-9B00-10376BA2E08A.mp4,""
media/DAAC1C05-2E7E-4C4E-9613-3549A0CD934F.jpg,""
media/4F2AEA82-6E3E-4348-AB84-B434F99B827A.jpg,""
media/B0B02645-5CFE-4E89-BCD0-5C29D3F10EAD.jpg,""
media/0711EBDE-6E97-41E2-8D49-1CB876A7141D.mp4,""
media/F2EB2CA1-9029-41A1-A894-E16F90D0BAE0.jpg,""
media/A7AB9082-FACE-41F5-A29D-F9C19A8A9E50.jpg,""
media/4775155D-F9DC-43B4-8835-F5138961141A.jpg,""
media/48E91087-B03E-41B2-92B8-0BEA9FE388EA.jpg,""
media/AFD7649B-24F9-485E-97FB-72C8501C46C8.mp4,""
media/64B72511-D15D-4FC7-9D02-944336958DD5.jpg,""
media/2E1BF7E6-B320-4663-8292-4477041884F6.mp4,""
media/EFD00051-1D10-4CEF-8425-92CD53804C44.jpg,""
media/9E8E67E8-0830-402E-9227-ACE4326DA2C0.jpg,""
media/1cb7f049-191c-4cbe-b917-b6082c7342f2.mp4,Zwift - Race: Restart Racing Thursday Thumper (B) on Greater London Flat in London
media/6f4e9eac-88c7-42a6-9706-04379783df06.jpg,""
media/c5811e7e-16dc-4582-bef5-85c5a74c8358.mp4,Zwift - Climb Portal: Côte des Forche at 100% Elevation in France
media/EDCE9281-BC9F-4C01-9A9F-8C0D948F5E40.jpg,""
media/4FE00930-F4EB-4938-9306-22A98EC05913.jpg,""
media/B1EAB233-487F-4ADE-98D4-4C7531AF83E9.jpg,""
media/F11BE68B-7EF0-4E82-8861-AEABE742B885.jpg,""
media/A49832A3-A30C-4B53-A7C4-0C90CEEE9D6C.jpg,""
media/BDA51059-5F3B-4B1B-B0D0-04CFB799C626.jpg,""
media/3AF0866B-5795-4A86-A5B0-DA2C1EF5E352.jpg,""
media/03292C4E-B239-4B21-ACF8-5A80E732B663.jpg,""
media/713209F8-56F0-43B0-8391-76E4943D212B.jpg,""
media/0D051478-9F60-4CE7-B640-C9C921ED2EA3.jpg,""
media/D64AE306-CC2F-436B-BC79-4BF12E436A46.jpg,""
media/290BD1A8-942C-43DF-A02D-131205B1F391.jpg,""
media/4AED834B-55D6-41D2-92F4-FA301E7C77F3.jpg,""
media/8D470707-EFDE-437C-B788-6D6E7E3C74A1.jpg,""
media/CCFA1CEF-602F-43FF-872E-B723DD971D0F.jpg,""
media/31EEF9BC-4C07-4C9B-B6F8-E825F36BE0DF.jpg,""
media/7ECD9CEA-0D71-4A2F-B2EC-7D5D4A445CFC.jpg,""
media/9DADA4BA-283F-46C4-8653-A1FD255E12FD.jpg,""
media/380F0CD2-7AE5-4F58-8464-6B1E80DAFC5A.jpg,""
media/54B5634F-49A5-4DB1-86E8-F204CDC2AEF8.jpg,""
media/687CC0C9-D5D7-466D-8025-4B6BDF224658.jpg,""
media/A76614D8-3CB9-493C-95CA-CDDB768B0016.jpg,""
media/B03DA040-C889-4B61-BCD5-6B39A5D6E514.jpg,""
media/1B7379B0-F926-47C9-9BA0-D80C9BD35A5A.jpg,""
media/6C1D2C96-A7ED-4B9A-BA3E-2152EBCC0102.jpg,""
media/945A17D2-386C-4D58-97D3-00A2A8C86CD0.jpg,""
media/9648D91F-3A5D-4EED-A5EB-4F8C9F9B9878.jpg,""
media/657DA962-943F-471F-81B3-F670450E8BFA.jpg,""
media/E26FB525-E641-4024-B1CF-07A9F824C9FB.jpg,""
media/9CF4B8FE-6FE2-4CB6-AA1B-42228C06643C.jpg,""
media/9DFF959B-35F5-47BA-83F1-99718BDCFB1D.jpg,""
media/EEF6838D-FC9C-4734-9AEC-526E1AC3A660.jpg,""
media/067A6917-55CA-4450-A48F-C8056257263B.jpg,""
media/1B96D1CE-E3D9-4DDC-8500-1820D338EE8A.jpg,""
media/C4F49D16-7C83-4E5A-BE27-29B0AD837492.jpg,""
media/917EF83F-373B-4F26-A8E4-4FE16F6FEDB9.jpg,""
media/7F4A943B-7FE6-4A6C-8CDE-5ED4CD58215F.jpg,""
media/79FAB098-F04A-4B21-9EED-5DFA601A0B7A.jpg,""
media/E233C729-76A5-4F28-AC9D-6FA5B5844A0C.jpg,""
media/B9D846B7-7624-48BA-BA14-AB58575C2E15.jpg,""
media/78F002E8-B39B-4794-A917-99209CA0451C.jpg,""
media/F115B707-AB1D-44E9-A968-12EC9C1956C9.jpg,""
media/D99B7778-E705-47AA-BCCB-408E62D54676.jpg,""
media/73E1889C-27D3-43DD-AB47-76AE99E7E8D7.jpg,""
media/414FE813-3CDE-40CA-BCD2-B9CA418922AA.mp4,""
media/4803548A-05FD-43E3-BDAE-0CBD88329C92.jpg,""
media/EC89B71F-284A-4C00-8DBF-CDA2AEF86FF5.jpg,""
media/BF2121DF-E687-44F9-A6EB-6E1A637B32CC.jpg,""
media/D0427A7B-BBFA-45DA-A47E-7147D0868766.jpg,""
media/8CD76BCF-7CED-4589-8A94-EAD4242DC1B1.mp4,""
media/5A588BE0-E578-4FA3-B026-5C6500AC3093.jpg,""
media/a04589b4-0b74-4cc7-9fcf-45c2b5b39bf2.jpg,""
media/542A24EB-9E44-44FF-B795-B251AE9E4EE8.jpg,""
media/f917a52a-84b7-4821-9c95-015b277238f4.jpg,""
media/5EC91AF5-6D8A-4A27-9D52-AC9B8E445E53.jpg,""
media/2390532B-F03D-4643-A5A5-AB0630CC9B61.jpg,""
media/24A0DD67-933F-43AB-B1E6-6FFB9AC5C3AC.jpg,""
media/9F793FF9-91D0-4399-973F-4068AE9E39C1.jpg,""
media/E2356F82-5635-4F36-9E4B-2E737400DB24.jpg,""
media/F0B257FC-9BF2-4F44-80FB-B52D02F9F84D.jpg,""
media/6D0A7F5D-B8F2-4D76-88FA-4AA1C7F30DA8.jpg,""
media/AC4038FA-94BC-4ACE-9910-DFD06FF92652.jpg,""
media/006E26EF-63D6-4BF4-9D04-E33CD4FF33EB.jpg,""
media/62785544-B00B-4DE7-983A-B1851712E85C.jpg,""
media/A17F764B-00A8-464B-BE52-5FA7EE96D20D.jpg,""
media/7FA2C7BC-15D6-4223-893B-C60A59BAC219.jpg,""
media/4EC272CA-FE6C-4B93-A501-50C83D896870.jpg,""
media/D7D1E6E0-AEA0-4547-82B3-E1D1CB10734B.jpg,""
media/26B526FD-75AF-4C57-B9EC-D24C3FEBDABD.jpg,""
media/3C37DEC5-3DF1-4982-9E3E-72438C42EBD4.jpg,""
media/72CDA6D0-5642-446F-A171-5E8C9DC9D37B.jpg,""
media/E66764A0-A5AA-4DE8-B5C5-E11FEA13C8AF.jpg,""
media/DAB5D081-BDC1-41CE-89A2-490775F4F437.jpg,""
media/2A042AF8-0B50-4556-9000-CFB893F803E8.jpg,""
media/58705CE3-621D-4303-8781-EB3062D48013.jpg,""
media/1A7A5B91-0D1A-44D5-A6BF-DD60C34421E1.jpg,""
media/C4E885D9-29B9-4597-ABD9-6CC171F7216F.jpg,""
media/0A39CDDB-C20C-45F1-B7CD-E53CB750AD89.jpg,""
media/2E529906-7806-47FF-93F4-85431D42AD74.jpg,""
media/FC9661AA-4ECA-4379-8F05-07A1DE3AC267.mp4,""
media/64F05DF5-150D-4C82-B4A2-E3EF63090538.jpg,""
media/75E22C8E-4735-477D-9B59-202CD77B63C7.jpg,""
media/EB289F8F-DE44-407B-8261-25BE915C79DB.jpg,""
media/1B1394D3-CFA1-44E5-9947-B26D98B41260.jpg,""
media/F3739483-E9E6-431E-B30C-6FF61D381B62.jpg,""
media/C7A1B56B-4AF1-48E2-86A3-FC41D8D0D41F.mp4,""
media/E34982C3-B0A5-44FA-83F6-E9904B3AE63F.jpg,""
media/7B976B83-EB28-4A9E-BEF4-E78177E6D7CE.jpg,""
media/D52765C8-B3FC-468C-9A23-E3C839E885AA.jpg,""
media/354A8158-6763-43AA-8A18-255A44777A4A.jpg,""
media/9B564817-9709-42D3-8199-18AE322AC07F.jpg,""
media/9CFB7E48-6CF4-460B-8375-92627C93C8DE.jpg,""
media/5EC9370A-D4DB-4619-AB09-6E529278B7E5.jpg,""
media/E10DD631-5A56-4AE0-B199-7189704E83D6.jpg,""
media/9D9E633F-B709-40AA-99BC-EB2BCFEE926D.jpg,""
media/209045BF-42E2-4965-9039-3B6B18B6093B.jpg,""
media/ADEBD8CC-52F1-43A8-9E81-64D038AF82AB.jpg,""
media/B8E08619-8F50-4FDD-A30E-201BD4799C6C.jpg,""
media/402A580F-50BF-4BA5-A4CD-EA141337B9AD.jpg,""
media/BCEAB332-38BA-4785-9B1E-101BDDD13B0C.jpg,""
media/9E50ECD2-EB8E-465E-8DF1-569887929F8A.jpg,""
media/63C5BB12-2AD4-459F-90C7-BD17CE608439.jpg,""
media/94F53867-E075-4A5F-A3DD-98CFF840E3B1.jpg,""
media/1737D172-4301-4EEA-A8F8-77A1CB9A060B.jpg,""
media/8401767D-9E33-472F-830A-1475A41A483D.jpg,""
media/B1D21D69-5C07-4FD1-A8EB-E05E1E85BBBD.jpg,""
media/A7F2FDED-BCB0-4980-8EB0-2E9659F76014.jpg,""
media/B4D42334-62CD-4BC8-B268-F7D6BD47155F.jpg,""
media/A2B3DC73-681B-4BCD-B1A1-5CC4C391668E.jpg,""
media/DFAAB18C-0508-4E26-A97D-DDAF7035D1A0.jpg,""
media/F2CD7E5E-01F1-425E-8FFB-1542AF134A06.jpg,""
media/B59FA22E-7384-4146-9A7B-5332E470C88F.jpg,""
media/AAFEBCE2-D616-4065-BE2C-8CC301E16932.jpg,""
media/2C87B608-1053-4249-A19F-10A2C996BEEB.jpg,""
media/c5457005-2520-415a-ad04-fe85b9ee1ea4.jpg,""
media/9d0820e0-4acd-4a71-bb4d-2dbb4baab610.jpg,""
media/ad1e2b0d-d9c0-4b17-8759-7ac9ce7ffe98.jpg,""
media/93d11628-c124-4644-82aa-bd367134d839.jpg,""
media/A94DDB43-6DAC-4F34-BB87-DC2698F792CB.jpg,""
media/8BFA41ED-7CF9-4C31-808F-E69B01FCF88C.mp4,""
media/FC45903E-3AFF-4A44-8E02-A5D5AE9F7C09.jpg,""
media/D7CADA56-C460-4887-83BC-9FB7DC910720.mp4,""
media/E140E815-F02A-498E-9169-2C2B38CFB42F.jpg,""
media/915DF3D5-0E2A-4170-A8F4-28374EA53B0F.jpg,""
media/57BDE0D7-592C-4EC2-B4A7-72B74643F5D0.jpg,""
media/F37AF553-4843-4693-B3DE-429EC4FF382F.jpg,""
media/E9E6FBC2-CCAC-4ECF-B96F-D49CFBFFF611.jpg,""
media/489F71C5-EC46-49FC-8619-14CE0FBDE293.jpg,""
media/B996B293-FBA8-4A68-BC72-8E23A1920FC7.jpg,""
media/21CB3855-1C3D-4F2D-9CB6-8F325C86195B.jpg,""
media/A65B544D-7AE4-4D64-A638-7BF74E5EBB95.jpg,""
media/ee16e18d-d4fe-48fd-a5e3-1f73e0c0138d.jpg,""
media/050154d5-daba-40b7-abf7-f49b2656481b.mp4,168 Days to Mt. Washington 
media/1F7F628C-FE3B-4462-8D57-723FC6ED24CD.jpg,""
media/8CD92C09-0294-4491-8314-CD9D1D36245A.jpg,""
media/59837489-7284-4761-9935-2BFCF77EC1F7.jpg,""
media/41A271A1-5DD8-4A00-B24A-EE7072D45114.jpg,""
media/F41FDD6F-E932-415B-99F6-F4EB262BA81A.jpg,""
media/56CA36E7-D4E6-433A-A448-1986B23719F8.jpg,""
media/E9DB51AC-D34D-4ACE-8317-F8DC6983A76B.jpg,""
media/18CCAAE4-2A94-41E4-A6B4-E1FCDF240FD0.jpg,""
media/3FA5FDEA-673A-4E56-84A3-E2B36131FD66.jpg,""
media/800ADE5D-4181-4ED5-9AF4-9AB3BF3BF417.jpg,""
media/F55ACF85-CA8A-4129-9ECD-A717E0047180.jpg,""
media/78CC8FD7-7EB8-423D-BA90-1D5EB5B49945.jpg,""
media/9F0102C2-ED9A-456B-9071-FDF729DBF366.jpg,""
media/FEA36AE4-A44B-43CB-B283-A5781998D193.jpg,""
media/E80A18AF-CBBE-4DD7-88F6-5FF81546F292.jpg,""
media/84AF819C-1D87-4693-94D5-0B28E812F16C.jpg,""
media/873097BE-F921-45FF-94E3-635743EC6CFE.jpg,""
media/893AE4D6-E312-4328-BF32-8E0D6D44745C.jpg,""
media/124FCE5B-43A4-4EE9-9B09-2967FAE022CF.jpg,""
media/B513D602-5F46-45D8-9AF0-97B5EA55A8F0.jpg,""
media/272FC59A-0DA1-490C-8384-9EEF6D920171.jpg,""
media/BFF376F1-22DF-4909-8941-01B6B336E49E.jpg,""
media/CA60C0DF-8A68-4246-9BB5-8E7A350CCBD3.jpg,""
media/211C3430-E4A5-4917-B1BB-15506C53247B.jpg,""
media/88BF9630-1F18-4A1C-8E55-240DCCDF775F.jpg,""
media/5B342665-AFA6-4827-A09E-3F4A57F550DC.jpg,""
media/3D6AA042-8D0E-4066-A019-7F6EA12BBE0A.jpg,""
media/5C529BA5-959C-4579-A1F6-87F5594D2077.jpg,""
media/8958F007-3CC1-4A61-8D28-DFA64946F5BC.jpg,""
media/9EC2A8E9-CEEC-4322-8667-1345D14152CE.jpg,""
media/B76F4BD6-BEF7-4EA9-B2CD-33ECFB167BB8.jpg,""
media/B4FFDFB2-C94C-465F-95AF-0902D7A57D4B.jpg,""
media/812B4352-34E9-4C69-8D14-439F9EBA2322.jpg,""
media/C3B0E828-46A2-44FF-853E-F3C769114579.jpg,""
media/893BDF32-2402-4459-ADDC-9D47DD3B5977.jpg,""
media/BD87296B-5B65-48B1-8970-57CC49904B18.jpg,""
media/DAC04E72-5C84-4816-B35E-26C938CC4C7D.jpg,""
media/30665088-3AE7-43C6-A134-BCB846464CE7.jpg,""
media/07A42933-3529-4B97-94E7-3235AE329186.jpg,""
media/462BE1F4-8DD0-4DFC-AF99-61C9D3C70757.jpg,""
media/E07B8B7C-CE7D-495E-8FB4-3FE413C58CC0.jpg,""
media/BF7E064B-B6D1-427D-9BB7-24E642B91541.jpg,""
media/1BCE42A4-624F-4559-919C-CE6EF2945B95.jpg,""
media/9E5D8DAA-7B02-4E37-AE0F-E61FD8EC1262.jpg,""
media/44EDE365-5E29-4656-A52D-214DEC807284.jpg,""
media/0D05715C-FDD5-4420-B3B7-6D9F8D8AD3B8.jpg,""
media/2F03D864-C984-459F-B5F0-179E5EA6DF48.jpg,""
media/506656EC-C44A-4F6D-AF78-7E3B4B725682.jpg,""
media/2A6DD7DE-AC2D-431B-B5EA-92C76EE0C935.jpg,""
media/CB6CEF2D-8CB4-4BFA-9CF0-3714171697F6.jpg,""
media/A7F9EDAF-1DFB-414C-902E-8A64B3AC552B.jpg,""
media/126AC77F-206B-4E85-93DA-7873A78DB239.jpg,""
media/7CB31A27-CB0C-4722-B2A3-1EC6FBE9F9FC.jpg,""
media/D3E45C9E-1C0F-46B1-BC79-CAE73E53CA97.jpg,""
media/AE1CBC9D-F722-4347-8E26-7139886A0A7A.jpg,""
media/3B7628A2-2C03-4E57-9B5D-F7C5B99DEDB6.jpg,""
media/650202B7-8221-40BD-983A-43CEB923C686.jpg,""
media/C1F42D29-70E2-410C-995A-ACFC02B02FFA.jpg,""
media/A5CE24AE-C077-4D3D-BCEA-A6A92ADFD05F.jpg,""
media/23FC6C4A-5461-43F2-AFB1-7CBFFB4DD97A.jpg,""
media/CDF8D8FF-1C0E-4C63-853D-6B9A8E7D2FFA.jpg,""
media/34F87674-66BB-4C74-9A74-7DADDA75D6E0.jpg,""
media/7C80BA00-C162-43F7-B96D-31B273F46E8F.jpg,""
media/55A58BCF-5633-4226-8B36-3192D7E844CA.jpg,""
media/CEEBC9D2-6533-4DA4-B730-E78BA0AC605F.jpg,""
media/D7DF8E59-4DA5-4FC3-86CA-0298B22F2641.jpg,""
media/58053B42-6083-4D2D-A27C-4E1C1811D5DD.jpg,""
media/D865B8E5-0EEA-405A-9A69-00914A653A5D.jpg,""
media/25F2E6A3-1308-4216-ADD0-744A601DCEEE.mp4,""
media/E5E2AC5B-2075-4832-B539-18A0E7A492D3.mp4,""
media/A1974CC8-27E3-430C-B917-14373F395E09.jpg,""
media/619B187A-C287-49BD-91D9-91DACDEC4C56.jpg,""
media/62B983C0-1767-48E0-B708-96567C5E54B4.jpg,""
media/EFF7B812-388E-46BE-9F58-60532E156B4E.jpg,""
media/5B959A5F-E2F9-42DD-8EEA-22CA82BEEBCA.jpg,""
media/122F12D5-AD52-49C9-9198-59140AFDD59C.jpg,""
media/5161852F-BD2B-496D-B45A-6698F52AF72D.jpg,""
media/260EB6E4-0EC9-4F5F-9C42-5A49B8B64F02.jpg,""
media/917540B6-9678-40AC-934B-46746144D1B3.jpg,""
media/81A646A8-89B9-4E20-9791-42B3521B1C70.jpg,""
media/D7087DC8-44E0-4A4D-9C81-57886D24FEEA.jpg,""
media/8EC68DE9-33D3-4777-996F-990D2E1C3FC1.jpg,""
media/F97A0D57-1773-4654-8E73-4CC21867B53F.jpg,""
media/184f5da3-6ca8-4b05-ad44-1882e7747f47.jpg,""
media/0C791ED5-97D2-4244-8BF5-A12E1C4A7BDA.mp4,""
media/2A060BA6-30F4-49E0-80A3-A6FEF0CFCDE3.jpg,""
media/F47B7679-8DA6-451A-90B8-3FE56A2E6076.mp4,""
media/bc6e69ed-c77a-4f22-a092-27f674686594.jpg,""
media/9ae4df79-07ca-417e-a5d3-b27a1bed580e.jpg,""
media/98569b50-efee-44d8-9ce5-88ee3e9e37e0.jpg,""
media/235626A0-CBE9-4EF6-A1FB-11E8DFA4D4C5.mp4,""
media/5DBC3BB5-3D2A-4B58-9EEF-D994AA9C565D.jpg,""
media/6E3F699D-A60E-4292-8E14-74526A353742.jpg,""
media/D7912AF1-C2FC-49AE-89A4-EFF5BE845BC3.jpg,""
media/AC29019C-FACB-4C52-A2A0-9BABFE0B6087.jpg,""
media/6DD2C876-6198-4C44-95D5-E8B4F4786037.jpg,""
media/9D138F40-E57C-449D-8F74-837B4F8A97A6.jpg,""
media/8590000F-C607-405E-A83F-92949F4C75AF.jpg,""
media/B7311A92-1B28-47A5-87E5-251D187916B6.jpg,""
media/838F6C38-E648-432E-B839-5C7304F83F6D.jpg,""
media/F27F3020-0947-4790-A6C9-7D03BD94BB69.jpg,""
media/8424F391-AFA6-4FCB-A154-2262577AB678.jpg,""
media/0FC63224-02A9-4EF2-9BA2-9B689DDA36BE.jpg,""
media/CA8F33EA-25AC-4A51-96EE-B65B215BDC70.jpg,""
media/51AC9E23-23B6-49B7-B9A2-787B796A20F3.jpg,""
media/1B9D24F8-53A9-49F0-8D2E-127A67DAE7BA.jpg,""
media/795C9139-4514-473F-ACE3-46ACA91B05F8.jpg,""
media/9AA34559-0EE4-4F65-A6AB-B82402FE6E13.jpg,""
media/E9CE31CC-BA89-4FCA-A228-7707004380C1.jpg,""
media/C13829A3-D3B7-4190-80BC-C8B08E32694F.jpg,""
media/662C3654-4A10-47B1-B7FB-929B8A13732C.jpg,""
media/899DA47E-F221-4F6E-AD99-3BB40CCDF7F7.jpg,""
media/29487809-32AF-47FE-82FD-7087F773A06F.jpg,""
media/3A382A1C-2566-4B03-9F41-C9AC5A281F0E.jpg,""
media/71DE5EA1-AD0C-44FE-A069-4370AE26A684.jpg,""
media/B7B78238-04D7-460C-8E64-08C4AA04EBEC.jpg,""
media/CD10BE79-A34B-4BF2-AFC7-115C3E766EEB.jpg,""
media/D6EFC3E3-885B-4874-9235-AB94DD7AB294.jpg,""
media/DC203D1C-CC8E-412F-B191-6F66498A6178.jpg,""
media/68920FA8-14E0-4069-9E5F-D425F4A31238.jpg,""
media/3714C24A-3DAB-4E23-828D-1A6F08FCCEDF.jpg,""
media/AB4D5864-3517-4C2F-BEA7-C3C5FB47F305.jpg,""
media/398BE798-E966-4953-B936-49A930C942F3.jpg,""
media/DD61D2DE-4BF1-49E6-BAA4-48A943480B37.jpg,""
media/394571A2-B355-495A-A853-F1F47E68BA28.jpg,""
media/27181AE8-4925-42D5-A585-AE6B54A52A21.jpg,""
media/B62602B2-DC2A-4739-9C23-2B47E17EDF44.jpg,""
media/41BEFF41-2AA1-4CF1-A16C-98676D574547.jpg,""
media/01C57C19-535A-4D1F-9C51-726CEE65587B.jpg,""
media/DACF38ED-E21B-4225-A61A-E712D385842C.jpg,""
media/98C76510-1B46-451C-B4B4-AF4C8D9646DB.jpg,""
media/15CD918C-B05F-4EC4-BFD3-C45773AE818B.jpg,""
media/8EB110AD-9E97-4241-B10D-9BDD8C1D47DC.jpg,""
media/B8EA7E3E-5C96-4693-A576-15B2B1841F1E.jpg,""
media/B7AE2CBB-61AC-4B63-A7B4-CEA58F2A55C6.jpg,""
media/21E54C95-8587-425E-BD05-56C2D3D8E4BA.jpg,""
media/43D4C7E6-63EE-4B9F-8F1A-9BBFDB65BC7A.jpg,""
media/5166B3E2-36B0-44A0-BA2D-121C8FA9858D.jpg,""
media/F0596AA9-0173-4F0F-9AD4-C0AC32137BF0.jpg,""
media/F860A83D-17D7-40A3-AC1C-F355214F82B1.jpg,""
media/4719F8BA-DB57-4A31-B9ED-616D25F806B0.jpg,""
media/AF952ED1-BDBF-499E-9C92-C4287B42DC83.jpg,""
media/AB822677-B126-4E29-8751-EB1D001325CA.jpg,""
media/74863699-d7fd-49d0-98b9-7c4cce46b4ea.jpg,""
media/8205e27b-fd88-459f-a4d2-c95332e8ef8b.jpg,""
media/d3340c45-b98b-4715-a23c-974190c65a4f.jpg,""
media/43824cd9-7f9c-494a-be14-2e8dfe5d85b0.jpg,""
media/D49C887C-EE40-4A08-A7CC-C1C3B51F0572.jpg,""
media/A64BCBC9-8268-4EA9-AE27-46C85786D98D.jpg,""
media/1F35DEF0-5BA0-4A22-8FEC-DE5C2A8E8491.jpg,""
media/3950A2E2-67AE-4654-A748-E7B67AF9BA84.jpg,""
media/0D6BB259-2785-4511-A1CF-6ACFD5370232.jpg,""
media/D4ED8EB5-E251-49DB-A881-1A3946A87F02.jpg,""
media/FCAACE6E-F5AE-4045-BF6D-062634ED9B99.jpg,""
media/83D173CE-7568-42E7-8978-2AF865DB92A9.jpg,""
media/ad260eab-44c0-4b89-8970-fa7f909375da.jpg,""
media/e131e60c-f5ed-4c1a-bbd3-0b85fa00c03d.jpg,""
media/84f9abbe-9711-49cc-b84f-d1a02137eb02.jpg,""
media/13ffbdc9-81f2-438f-9ef7-de7ef56ce5d5.jpg,""
media/937f1e5d-7ac2-4403-a998-c47f8a386b18.jpg,""
media/536d5eee-bcc9-42c8-981f-75375bfbbf14.jpg,""
media/474F0ED6-28A0-42E7-8567-2F7F7E203FFA.jpg,""
media/D37F9D3D-6F91-4BF7-A1B4-AC19CE2AFF10.jpg,""
media/4d0e0a45-b720-45ee-94c0-be977e3f7555.jpg,""
media/7CCD65A2-B4A6-4DAF-856B-0EF259FDB0A6.jpg,""
media/6b33b1e0-42ba-4691-a3c5-6a014ab3605c.jpg,""
media/14fed7f6-f67c-4fcc-8458-ed07e8e0abb2.jpg,""
media/8D18D1C4-52D3-414F-ABED-084FD62D529F.jpg,""
media/92469A15-7E14-4546-856F-D1BCDAF1343A.jpg,""
media/ebd7ddde-91d0-49ac-a2ad-0c5f6bf56507.jpg,""
media/69449811-d9b4-4bf6-aa6e-e9ae88e4e95f.jpg,""
media/5b46ea70-1106-48c9-b462-3fc6b9eea3ea.jpg,""
media/60D24F2A-7C24-4D0E-89DB-82ADE1B3232A.jpg,""
media/003E3037-93AA-4347-858A-25E7644EDFC0.jpg,""
media/CD6BC576-EEF4-4AB8-B50E-88885E5B090C.jpg,""
media/6d47f7f1-a2ff-4503-af4a-0f46301b0c9d.jpg,""
media/fb834401-9809-4bdf-9518-0bb2f373c78f.jpg,""
media/4A2ACB25-307A-405D-B188-FFE52805CCDC.jpg,""
media/69C7E264-1813-49FD-8FF9-07D056B8D8D3.jpg,""
media/3055c2de-713e-4cf4-afc2-d57ae6995eb3.jpg,""
media/2372A242-173F-4C12-B73A-A4A97EF6399E.jpg,""
media/1B802518-F13E-47E0-AB13-A1B4F22E11E5.jpg,""
media/F36627CB-099A-479B-A1F9-84DCDB1471E5.jpg,""
media/5736AB03-C13C-438A-A8D2-54F2BFA230AD.jpg,""
media/e0f86833-f8fc-47b3-a517-b7a3f473d500.jpg,""
media/660a4d51-296a-48b9-b24c-8d82c6978167.jpg,""
media/d8b53c41-14f8-4080-aef9-d06dbfed0abd.jpg,""
media/A44DB332-EC3C-42ED-A6E0-CB711CCF0B7B.jpg,""
media/21496ae8-0fb7-443a-b1b5-191c97f7a569.jpg,""
media/2639909e-0a1e-4f43-8017-47065a7f0b69.jpg,""
media/b1d69ee8-c796-4f77-9a99-ca85c8101406.jpg,""
media/f9cf591c-a45a-42de-8992-d352be0b3530.jpg,""
media/99ae5df4-6816-41d4-8dad-013f9939b15f.jpg,""
media/c0226478-baf5-44d3-b3d8-5a24ad34b839.jpg,""
media/546fb881-8f0a-4611-ab22-dcf981e7286c.jpg,""
media/0558886E-CAD2-4484-B11D-2F33ACD6588F.jpg,""
media/6A47B7A9-04A6-4606-A5AC-011A26BADB19.jpg,""
media/288723EB-6381-4F88-BAC5-0E1E734A4503.jpg,""
media/E0B27151-1834-4EB7-BFE2-21361220CC69.jpg,""
media/A9FE9051-3F1C-44FE-A9E5-2E31D8639FF6.jpg,""
media/F0504485-F904-47FA-B11E-380EEA1F7FA5.jpg,""
media/0AD6BB7B-2745-49E0-B70F-6B820C5150C7.jpg,""
media/CF20DDCC-7C53-4234-BB89-01E30F25CDA8.jpg,""
media/3D9F29CB-BBC5-45AE-BF81-C4805939CE7E.jpg,""
media/74E8B5BE-7426-42FD-9B4C-A9AF9519D0F7.jpg,""
media/9259D0CF-BC3B-4DE7-BF45-5BDF6E304873.jpg,""
media/4aec9632-9205-4b48-81e8-aa58526f525a.jpg,""
media/F2F1A23E-C2B0-48EF-8A7A-4943E746FE03.jpg,""
media/EF9B11E5-342A-46D4-B924-33526A826CE0.jpg,""
media/7D450CB2-7EC7-48CF-859F-BFB34B537CE5.jpg,""
media/FBD5D3BA-7A14-42EE-B69F-980780AB6FC5.jpg,""
media/2FEF5170-1BF9-4996-908C-870070484CC0.jpg,""
media/11BA7E9B-44AB-40BD-A418-664DE0377364.jpg,""
media/63762922-CC47-4759-8164-263A69DC4911.jpg,""
media/0FDE2F24-B56E-4493-AF33-A370FFBCE0F9.jpg,""
media/25AA0BB3-9B8B-4A4C-B3FC-23B92753D399.jpg,""
media/D5E44A83-65AD-41DA-A685-AEA9A9097493.jpg,""
media/8D143FF3-F9A8-4223-8F94-F3BC228389A8.jpg,""
media/5003F047-D1B2-4D8E-962C-01D9E702A58A.jpg,""
media/9466F95C-9CC5-4AF7-9B43-CF119900B702.jpg,""
media/2A25B5F5-2EC2-4A38-89D8-4D0E71FF616C.jpg,""
media/AA2B7229-3EC8-4C5D-A33A-1126089E21B2.jpg,""
media/554F7FBD-8557-43DC-A3DB-02D9BFE2FBEF.jpg,""
media/261972be-ec63-4940-b446-98d056920a1c.jpg,""
media/E7AB2020-760F-41EA-A95D-408E24E9C074.jpg,""
media/CA4FA39B-115D-4E3C-80B9-ED8E03AE9871.jpg,""
media/26D45131-638E-49FD-BD3E-761CDE15BE0C.jpg,""
media/FE224D28-8641-42CF-9EA4-F28DD5CE18F5.jpg,""
media/CEC216FE-9E4E-49A2-8FC1-1F78D55E8AB3.jpg,""
media/87F1672C-BDEA-4555-9230-7CE33D7D17CE.jpg,""
media/24E827D4-45CD-4E1A-AF62-47F7DE67F981.jpg,""
media/FA228216-3A25-4D25-9EC8-E4F41B6C1851.jpg,""
media/5CC91BC5-F86E-4A8F-BE57-AAB684E72F26.jpg,""
media/B34F5CE8-CB0F-456F-A18D-743F8A558F5F.jpg,""
media/CBD8131E-F951-4445-B8FA-C05933F42BE7.jpg,""
media/8DA9AA5B-3248-488E-B1C9-AFD6F4C8CCD8.jpg,""
media/1AE62520-9A5E-4D3E-90DB-5A516E759FD5.jpg,""
media/0FB2A9B8-F584-40EA-8554-3D5E22111A03.jpg,""
media/765804D5-D7DD-4C81-868E-957CDCCD48A8.jpg,""
media/9CF86A7F-9B21-4452-A2C6-B55588913D5D.jpg,""
media/995C4F7A-FB24-4B10-80AC-1D9074638C9E.jpg,""
media/0C58ED6D-024A-4CF5-B671-6436B9991ADB.jpg,""
media/23309BD6-7B3D-4EA8-BF5F-29A159EAF535.jpg,""
media/59744474-5D0E-4063-B82C-6218BD126B1B.jpg,""
media/4D119E06-2EBB-49C9-83CA-C85BA52427C2.jpg,""
media/AC293942-8801-4793-B015-3212C7231742.jpg,""
media/00358185-9BAA-4E14-A1AB-172DE74D02E2.jpg,""
media/57B98825-5448-4805-9223-8F107C023A92.jpg,""
media/38CBAD6C-6BF4-4B92-A535-F45EB5D408B3.jpg,""
media/1466DE1C-E928-4C50-90B1-30E26A85B544.jpg,""
media/563A919F-C671-41B0-881B-9CBF39213040.jpg,""
media/7A645FAB-6E00-4EC4-8AD9-2F5950DC2B49.jpg,""
media/bb8b3e65-9f3b-43bc-b949-b7955de22a6e.jpg,""
media/B51D9B6A-C0B5-4756-BF4D-FFF2680FBD33.jpg,""
media/2A380BDF-3E62-4672-A9BE-DCA2B52566A3.jpg,""
media/F374C60A-FD85-4742-B47D-090B22CAB42B.jpg,""
media/EAFA141D-E781-4664-8D23-BBC78FB183DE.jpg,""
media/9DCD4262-DFF7-40C2-B3B9-F4E2464F317D.jpg,""
media/31915A74-F6CF-451D-BBF5-E64D66850D18.jpg,""
media/8E98EAB5-2E78-4507-B100-68953E3D0B8F.jpg,""
media/E9A705CB-E6F1-4C2F-A239-DCDE1FCA1E1D.jpg,""
media/6F420CD6-7B9F-4C83-8396-78C883354D61.jpg,""
media/388E07A7-D9BC-4979-AC9A-D4F6FF71F723.jpg,""
media/72aebaff-3ed4-4361-a8f8-11e5d15c1ab7.jpg,""
media/00CEF3E2-E44A-4C12-9528-E4DCD4F68ED7.jpg,""
media/D49C3B0E-E84C-403F-B9D3-303464618749.jpg,Coffee bar is open for business - swing on by
media/7863D4BD-022E-4F65-A06E-75F3391287F5.jpg,""
media/A120D615-E056-45F7-98B0-52CAA08A7213.jpg,""
media/0B530506-742E-44F7-BB17-0E04F2EA8925.jpg,""
media/6D06086B-EF6A-4BF5-8B14-0992A6C08E31.jpg,""
media/43483343-AA48-48F6-961D-39B88F5FE344.jpg,""
media/CBA5F314-7596-4D67-BBA3-B946AD916634.jpg,""
media/991F5094-83AF-498D-80BE-9C1BB9383EE7.jpg,""
media/5A144024-BB94-480B-A03A-8EAB3822A741.jpg,""
media/E2E2213B-B60B-4134-83CF-95E8280760CC.jpg,""
media/284250EB-1471-4AA6-846B-9C94188D384B.jpg,""
media/A5F6D152-18EB-401B-95EA-C995E198DF43.jpg,""
media/48B986C6-7DFF-44AC-B2E8-04940C6E73D1.jpg,""
media/877c2207-c64f-474d-b586-61f328cd6d7d.jpg,""
media/a3efac95-f222-4ea4-afd6-b79baaac0763.jpg,""
media/529A773D-73F9-4306-89C0-96ECFDA6AA79.jpg,""
media/4B7EA979-20FA-4B68-B2EC-D310D3157616.jpg,""
media/28C4CBC3-BCB4-4492-89CA-55464081B05B.jpg,""
media/56BF0869-DF77-4FE7-BA58-603948DF5A98.jpg,""
media/3C41242B-667D-4850-8C9B-49E93A482D2B.jpg,""
media/3004CABA-DA34-4E05-B5DB-0FFDF7550C0B.jpg,""
media/29D50743-428B-4394-BEF8-6097B8AAA731.jpg,""
media/4F91D2E5-5C7F-44E9-8D90-B33FBFD9D48F.jpg,""
media/5F6D2184-883D-4B81-BB57-3CFF86072F74.jpg,""
media/6D15D911-B529-481C-85A7-2E882D6EA807.jpg,""
media/DE09D9D8-D17F-4B9E-AB8A-E35AD419757E.jpg,""
media/75668E65-8BB2-4259-809E-61337DB3F3EF.jpg,""
media/bf6fd506-00e3-425d-8dda-d295406cadbf.jpg,""
media/EB168BB1-DB92-4336-9599-47B02B98502A.jpg,""
media/C933E056-BA40-44A6-A307-0F6C7220E83B.jpg,""
media/FD7E7C04-51A9-4E62-AD3D-16C5386AD7FA.jpg,""
media/31DB2B53-B524-4D3E-BB50-C95D8AB8485E.jpg,""
media/FFACF4B3-69B5-457B-8C72-4580ADDC8FCF.jpg,""
media/AF37C1C3-8CDD-4B56-902E-66F281DD2092.jpg,""
media/A7F7237F-2918-477C-AD16-07485D4E75D4.jpg,""
media/AA6689B0-E9BC-4B02-A355-7D0100576D90.jpg,""
media/D1CBE8EB-CF63-45FB-80D8-31FB50B55DAD.jpg,""
media/4368578E-C68E-4D7E-8B93-F8D8A0D5BD9B.jpg,""
media/F7B48DF7-E7FB-45F1-91F5-A9EA04BDD4AA.jpg,""
media/5E7D9192-9BA9-45A8-A2B3-A540DC10B80F.jpg,""
media/A2E37858-8462-4E76-AB0D-483A0A16A613.jpg,""
media/28C28140-B13C-43B4-9582-E07487A0A8F0.jpg,""
media/F1815B20-874B-4AC6-B658-241A6E357F85.jpg,""
media/B753814F-52D4-4ECE-8148-53AB1AECCDE8.jpg,""
media/3AC55F7E-11CB-40D5-847C-B63D9869ADB0.jpg,""
media/25AE752E-A464-4D98-B2C7-02D8DB52A308.jpg,""
media/DA4E350E-8259-48EA-8E3F-45D21F1F33CD.jpg,""
media/A7CC92AB-8968-4895-BC24-FA74F66E507D.jpg,""
media/A090E214-3F13-47A1-9D54-3AF0EB978D00.jpg,""
media/D310EE1D-B66B-4F12-AC4B-DA2DFB717834.jpg,""
media/95E82D26-F2CC-48B8-B112-192D08A66BCD.jpg,""
media/aca5843a-12b4-4a7f-bddc-5d8f8f9489f3.jpg,""
media/53F1B47A-5465-4FC5-91DA-13913E9CB85F.jpg,""
media/C1812855-7527-4CF1-BF34-C80EBEA2A24F.jpg,""
media/3E4B9F82-045B-4DAF-9B18-2CC6C18A253E.jpg,""
media/9A439A71-613F-4C9C-AF2F-1A6613F60D4D.jpg,""
media/0EB0E2E8-C92B-43B8-8FC8-2B8DD31C640D.jpg,""
media/D44E053D-2AC8-44E0-BE3E-10D3274D0B3E.jpg,""
media/99641699-E4BF-49E1-8FC9-F50419AD47FB.jpg,""
media/C502FFCB-B4DF-44E3-8055-90618925D280.jpg,""
media/806FC473-34D7-4BFE-88F1-9291432AD844.jpg,""
media/CD4225C8-936F-4F45-BAC0-E6EF37885761.jpg,""
media/BA486716-20F1-40F3-93B1-FEB2C3666BFB.jpg,""
media/04ec17df-959e-418c-9153-57617ef89037.jpg,""
media/9C52B5C2-6FBD-4550-8719-5663AE5E75C9.jpg,""
media/6a127f07-7c28-483a-ad03-8ce154382c5b.jpg,""
media/71290B92-9C50-4DD7-9FDC-E65CCE76EA25.jpg,""
media/B178A1D6-4AA6-4168-AD90-1FEC6C39E5C1.jpg,""
media/B0A7A86A-BCD7-409C-8C05-2DB5FE101DBE.jpg,""
media/E9F8167C-1F23-492B-A309-04341498A3D6.jpg,""
media/29d825de-1181-4b13-8b27-53177b0f1261.jpg,""
media/7985c2ce-5f50-4b2f-81f2-86d98481df1d.jpg,""
media/2c84e669-d542-4820-ae2b-748438e00360.jpg,""
media/E019FCA2-BF19-4FDD-9EB3-11427B64DDFF.jpg,""
media/62B03894-E8C2-4D81-B8B5-2DDE97340B02.jpg,""
media/BFCAECD6-E525-44A3-A015-CE67035167D4.jpg,""
media/9B1D9D7D-F891-4F56-BB64-3A8C562C48E9.jpg,""
media/FE4942F0-F1E9-4EAE-9602-975C4ABF6A99.jpg,""
media/572836f3-0879-45ec-8c96-1e7148e65f57.jpg,""
media/b6274776-efb5-4f38-9c24-326a0dbd057b.jpg,""
media/7084187B-A0B8-4FC5-A51B-FE20C07C4DB8.jpg,""
media/27601CCB-6357-4102-963B-D53AB809E665.jpg,""
media/70107510-CFA6-4086-A99F-C17DE069BD30.jpg,""
media/B71E4722-4057-46CE-89FE-F367240CE53A.jpg,""
media/fb0e646b-1999-4040-9152-5756dffd9b8d.jpg,""
media/8c3c2945-d788-48e1-8f37-cba2c48c9b4a.jpg,""
media/3EE1BA17-2F29-442E-9C94-C2F7CE49BD5B.jpg,""
media/7DF23E98-9322-4ECF-8226-3B5AE01BB60C.jpg,""
media/14C2A466-F5F5-4ABC-9A98-CB8834AA3B5F.jpg,""
media/150C77A3-BF87-44B9-95B0-94AD4EFA1CCF.jpg,""
media/7E311ED2-ACAE-426F-94C2-405AE6F813F9.jpg,""
media/BB455446-46EB-4E63-ABA2-9E559CA85E81.jpg,""
media/0d4e0544-0dfb-47b4-9e33-68563dae303f.jpg,""
media/78b3629e-6a9b-469d-ba5e-999ae18983f9.jpg,""
media/890CF5D6-2CEE-4C6D-B936-9E010533653B.jpg,""
media/0FEAEC47-0EB6-45D1-BE88-51829E0BF834.jpg,""
media/88C5E086-53F1-4F45-8A3B-13A4F0F3A859.jpg,""
media/2E33FF56-E585-4B9F-A0E6-5AAA869F7AC7.jpg,""
media/771D2554-BB5C-4B76-A204-646B7081652F.jpg,""
media/76861D2C-D89D-4251-9443-56FE15CD8E72.jpg,""
media/e43af1f8-b773-4594-ab46-25eb07710c3b.jpg,""
media/41750e28-2070-4094-b1ad-5d485355d7a7.jpg,""
media/dec5a1cc-4de0-495f-abad-04306f1b8eb5.jpg,""
media/520BA179-FECB-44CA-BABD-4D18C463B118.jpg,""
media/AB0EDB26-1615-4313-BFD2-158DE9A92254.jpg,""
media/B23A80E7-67ED-4A11-8442-0C3C4318FE30.jpg,""
media/A5C4995A-1EBE-45CF-B5F7-1938C65B2083.jpg,""
media/3860852E-0230-4AAC-847F-1726C3A5BC29.jpg,""
media/454DBD65-E90B-477D-9A60-B4BF790B1AE4.jpg,""
media/B0475513-1BA5-4D1C-98F1-83A071D7CC36.jpg,""
media/b54ec3ce-6a0d-4887-a834-56d3d85c30ec.jpg,""
media/888E9130-902F-4F3C-8234-5F1ADE999EDF.jpg,""
media/4C718E2E-1874-4936-8DD0-81692B07D5E3.jpg,""
media/603D6FAD-EF3B-422A-B95C-88DDA0BA1B9A.jpg,""
media/607E2610-A78C-4903-828E-B79D55F7BD9F.jpg,""
media/11725237-bafc-43a8-b795-da7626328436.jpg,""
media/844b530a-1e2f-4be6-accb-0b6cb9b115bb.jpg,""
media/3022b338-e57b-47ca-9d59-6c6fe551e620.jpg,""
media/04264f22-7797-428e-9626-38dac2a3fd2e.jpg,""
media/47151b9e-0a16-41f3-9f99-ccc7df08faa0.jpg,""
media/62745143-8833-41d9-979d-d30012aaaed8.jpg,""
media/ef245b9d-1459-4bbb-896a-59a7d1e29633.jpg,""
media/2eb08861-f85b-4f58-99f1-c2a3ebc115f0.jpg,""
media/2af7404e-1b61-438e-9580-e8d2da8174a5.jpg,""
media/19f47d6a-7abc-4c3e-bc5b-0b9b312844cb.jpg,""
media/6e131abb-5650-4c33-9776-22bfef0f7841.jpg,""
media/20389ba8-d9fb-43a6-9c26-9b1fb9e30354.jpg,""
media/b93611fe-75ac-49d8-958b-a145e982b510.jpg,""
media/55a7e8d2-fe68-41e5-a49a-5e90be3cab7c.jpg,""
media/81c64bd7-ff87-4c9e-98c6-8b8c865c7d91.jpg,""
media/d4f5f620-e8b7-4681-8589-2af0537c19b1.jpg,""
media/64c41036-cb08-47f3-9181-1a3ad60a42b9.jpg,""
media/6d2fb478-e60a-4896-b497-016cf705da80.jpg,""
media/0153deee-148e-4efb-a6d9-9740cef2bfd9.jpg,""
media/a039c60c-f057-4bf2-8665-3cbab5fde422.jpg,""
media/0f349107-cc28-4d47-bde7-89f17237875d.jpg,""
media/901aeba6-d6b3-46d9-9c39-337a284adb13.jpg,""
media/52aa1326-f2b3-4bd9-a5ad-a79c77d44f97.jpg,""
media/c9931cf5-1920-4929-937d-adbd78642e50.jpg,""
media/484a8aa9-8986-4983-bcaf-ce35f8581aae.jpg,""
media/75be579e-3a2f-4556-8146-ddba5c3c2c19.jpg,""
media/428B632A-A886-4A55-80FC-DC0F049DBEBF.jpg,""
media/3DC53E09-EBAC-491B-9E86-1D3F39FE6425.jpg,""
media/15296E0C-4F7A-4BFF-989E-272A50BCBD6D.jpg,""
media/130E57B3-1F35-4431-919E-C97E2AEBB908.jpg,""
media/F0CB5218-EBB0-427C-A0F6-9EB9D916A6B0.jpg,""
media/A9B634E0-1A54-4BF2-8DBE-BB6E9A3EDCD0.jpg,""
media/CD2855F4-D02E-4CDF-ADFD-D8F60A5E4AB0.jpg,""
media/f7f243a8-90ae-4671-8bfc-ba79fc73c38b.jpg,""
media/5a906e1f-688e-4b06-bbc6-7e332a84461b.jpg,""
media/f9d95792-71d6-4db6-a40f-440345db107a.jpg,""
media/10618d61-0673-4a39-a1c3-9092ba11491d.jpg,""
media/f56deb1b-6eb3-48c8-acec-8bd2fd6b0ab6.jpg,""
media/ad5abfbd-edce-4f52-95f2-9a7a3316b9a4.jpg,""
media/B1C04D3E-3B02-4711-A296-A9704B2B2FC2.jpg,""
media/2B708733-C0EE-4932-9D86-82884C87CC75.jpg,""
media/619eb929-4481-417b-b825-02a8382de1e1.jpg,""
media/5643d3b3-3b27-4366-a331-2cb8d96ddf5f.jpg,""
media/1ac7219c-4128-4348-a926-574334be7196.jpg,""
media/a1bfbad5-0260-4cdd-80cb-6aeeed6c6805.jpg,""
media/75cc3b6f-0b61-4d89-a5bf-15907f747e89.jpg,""
media/44F56812-E9F7-45C7-A811-6093A59CBC9D.jpg,""
media/6544C6BF-8B41-49EC-B157-FC2EBACFD50C.jpg,""
media/2C0F445B-CAD7-4E88-8102-F80984980E10.jpg,""
media/7cfcc665-4d3d-4393-bef7-0bc311ec6f49.jpg,""
media/4dc94262-d01e-4c49-86cf-7da17796b998.jpg,""
media/6E906632-8726-45EF-97F3-77630A2FCB38.jpg,""
media/ffc21c6e-3c37-4009-9d5b-68a955bd3686.jpg,""
media/12ffc240-b3f2-4772-9358-42c10a4ef141.jpg,""
media/ACCE3786-C529-4820-8727-EB524B25C0C8.jpg,""
media/C1FB3D15-EF30-4E5C-840C-0ABEE7829CF9.jpg,""
media/6ca03afb-ef7c-4915-aa31-870221c9b47a.jpg,""
media/13ec3638-dc4d-48b8-99ce-8e4e8b8fb2bb.jpg,""
media/E0A7DB69-AD91-4D29-AF14-096E87E6C363.jpg,""
media/6ab88e79-a2ce-4e33-9e59-f480fa384139.jpg,""
media/9EBE72BA-6AAC-4FE3-99D7-90A25F4C7E20.jpg,""
media/e8fe3410-805a-4131-a86d-c817d1b4bd88.jpg,""
media/ed9c20d6-dc9f-4915-8237-1ec57f8c732a.jpg,""
media/09e7d5b0-bd69-4f71-a73f-9bf3e04e0ec4.jpg,""
media/8880643C-50A6-4787-9D2C-2B61BC22A931.jpg,""
media/AC5C5C90-2ACA-4AC2-A72F-FAC7EBC111EA.jpg,""
media/7D73C500-6253-4077-BB29-CD4BF3CCFA32.jpg,""
media/637CFC3A-55AF-48CE-902B-AA9DDC27704E.jpg,""
media/1152C1D7-E58F-4D58-B250-5E18B5980C0F.jpg,""
media/D882E43E-9092-4284-84B4-A9E285C9FD7A.jpg,""
media/87198218-8BC4-4682-8D8C-9FE4C2C813C0.jpg,""
media/A95453F7-19F7-4636-9F64-588E377ADD61.jpg,""
media/C0405DE1-81D0-4E0B-99B8-825563E100BE.jpg,""
media/B70C886D-CB1A-4878-8588-50A9BFB549FE.jpg,""
media/E6706E8C-1935-4742-BBEC-7757341B368A.jpg,""
media/8B57B239-2D5B-42A0-AA81-7FE0BE30956B.jpg,""
media/CFCBF518-60D7-4328-9DD3-78FE563DA305.jpg,""
media/7092251A-C6C2-4414-8DAD-B790AE1C1148.jpg,""
media/B4FECA0C-EB57-4F67-8030-2E939A1F7E64.jpg,""
media/ab0850a6-38ab-4c1f-a319-ec74adce19b6.jpg,""
media/A937CB67-01EE-4803-9BF4-119FD4FC52C1.jpg,""
media/e6d299e2-5299-45b6-88f6-e039ca8e42b0.jpg,""
media/5f157af6-a7c7-4469-bf74-e4505c54554e.jpg,""
media/2B83F200-16DD-4BFF-866E-8610594E7496.jpg,""
media/8721ef9e-e8e6-4c7d-9bbb-f372d85359c3.jpg,""
media/0d0fcb4a-8be9-4d69-b149-5a274e705738.jpg,""
media/78AACE2E-DC79-41F1-868C-65DEA089019A.jpg,""
media/45cda80d-a8f6-4a36-ad64-5cc8a7a835c3.jpg,""
media/84B87DE0-4808-4841-A3DE-52F7F387DA86.jpg,""
media/042ed2b2-d482-41a6-b8e8-202a8dafe7f0.jpg,""
media/d44edc6e-0dc7-4a7e-9bd1-78b10755fb05.jpg,""
media/D63A4B7D-DA5C-450F-9EEB-E9ADC8FCBC39.jpg,""
media/0F2BA35E-DDAC-42AC-BFE9-E72615B4E0DF.jpg,""
media/FB768599-451D-4755-9A1C-EB488F0FE8DE.jpg,""
media/4c41424c-c389-42b0-8b70-6c3d9db857e4.jpg,""
media/BA8010E1-24FB-42E3-9B24-FD4DD7050FA6.jpg,""
media/D929723F-4822-461F-8F01-13545B467E3C.jpg,""
media/ADE79894-D306-4366-8B38-0407369E23D2.jpg,""
media/F48AA011-7F23-4BAC-AE2B-4BAF6B4193C6.jpg,""
media/361c14c3-6863-402c-8e16-f178f9e30db7.jpg,""
media/B2FE717B-FE9D-4084-A864-0EB614334FE2.jpg,""
media/0C7AE922-C7C7-417F-B509-50D570778D1A.jpg,""
media/8DE99307-E6A8-49B4-BF27-948BB47C928E.jpg,""
media/7ee982ff-cb6a-461d-8bf8-4bbe00f94875.jpg,""
media/D30BC0EE-B111-4D1F-83FF-00293A16D465.jpg,""
media/5FF096E5-D115-44E4-A25B-52A33876B0DC.jpg,""
media/C422705D-5D91-48BB-8416-6FFB3CB5FD28.jpg,""
media/A677B857-8DF8-472D-9C16-6BDEE7CAD556.jpg,""
media/DCB3ECA4-A521-4C66-B00E-80DC813F672B.jpg,""
media/11953314-88D7-4F07-B7A5-74ED2A7F9C00.jpg,""
media/8576302D-0ADD-47D2-B22B-28B69F1E757B.jpg,""
media/8BDDABCE-FDAC-4735-9F25-5D76D8932EF0.jpg,""
media/3F48EAF7-E84C-4AC0-881D-2C8E15F0E8C5.jpg,""
media/00e94041-3747-4699-8b21-246764901933.jpg,""
media/783A2447-F7DA-41D2-9822-C3498176171F.jpg,""
media/4A2C016E-5C5D-4886-B929-32467E482BC4.jpg,""
media/0F975E5A-955A-459A-89BA-4AC46D4685C8.jpg,""
media/1F280DFF-A01C-4858-9670-7E5272058508.jpg,""
media/ED99C7FC-8BFD-4C30-9488-2EDCF0B98CE1.jpg,""
media/A7EB8628-7C86-47A7-A3A2-FC5692B2E625.jpg,""
media/F83C644A-0948-4864-8F8F-75DBE8244151.jpg,""
media/53133191-4A80-4CA5-8A70-08C6401953B4.jpg,""
media/3B30FFA4-04E5-43BB-A6F1-EC397185F3A2.jpg,""
media/BD2E840D-BA08-4B3E-A0D2-9EF9DA895B3D.jpg,""
media/d1b292fd-e034-4055-a7a5-bcb2fb5d2d38.jpg,""
media/1dffcc78-f7af-40a4-9ea9-264c8a2529cb.jpg,""
media/3029C80E-8ECB-4048-8172-652F8ADF4CE1.jpg,""
media/1606AF10-82F4-4061-B423-7A4A3299E4AB.jpg,""
media/0EF0C6FB-9D50-4511-A561-A62A3FA3CC8E.jpg,""
media/061C66EB-C8A5-43CE-9A3C-646578373463.jpg,""
media/B0BCA249-766F-46C5-956D-73122500BAC5.jpg,""
media/3E63FCDA-10BB-4680-AA2B-802A4F53EB11.jpg,Happy National Coffee day.
media/462127AB-58F1-42C7-82A2-FEF278E8F855.jpg,""
media/294B8AC9-AD12-4753-80A8-ADCD7C5B80D8.jpg,""
media/52B13013-0302-431F-9A9E-253F5EC35B6C.jpg,""
media/F77A51FA-E04E-4BF3-8D68-8DAF118E512D.jpg,""
media/D95A9307-3BBD-4195-8658-5FBA803AE857.jpg,""
media/8878803E-CAF6-46BF-8FB6-07DC163762FC.jpg,""
media/66E555B7-2FF3-4FB1-A2E8-BE942863EA2A.jpg,""
media/E54A4768-6DBE-4944-812C-6730DB4524BB.jpg,""
media/2B3C0D89-7028-4508-935C-985F850277D0.jpg,""
media/0D881B61-D364-493E-8642-8C8BE2CAEF8F.jpg,""
media/876E193B-8109-4BF9-B655-8A619C011F8B.jpg,""
media/EFEA6397-EA8B-48E3-B18A-D2BE531D4BE8.jpg,""
media/7854C1E6-E1C0-4394-B8A2-C5E8212E8CC5.jpg,""
media/6C98EBA5-168C-42DD-B4A0-D0B8F38214C7.jpg,""
media/CE5D5513-5026-4FD0-AE3B-4C8B2F43DC5D.jpg,""
media/DFA49D05-83B3-45BA-A0AD-D25BEF854985.jpg,""
media/4B2C1C5B-7FFB-4B60-8C46-279D9379803B.jpg,""
media/99EDEA70-79C5-4A42-B5B2-29914A14BCEA.jpg,""
media/4CB8F300-BAE7-466E-AE06-F1DD424F04E3.jpg,""
media/EE6B4BB6-542F-427C-A6E4-4C328B6D8765.jpg,""
media/B19A0F47-8AA4-4DC1-84C8-7B583E0E7B2B.jpg,""
media/AB1D5D40-0B34-4C12-96A7-D126E82D85DE.jpg,""
media/0C36A09E-4CCA-43EE-97BA-4775FECE1141.jpg,""
media/C894A29B-2C19-4B01-9385-960E07C8E568.jpg,""
media/705A40C3-0604-4E40-9687-4A218D27B8A0.jpg,""
media/219C90FA-8D46-49A7-8BF7-03E6419D58DF.jpg,""
media/CAD52727-811A-409C-AC42-171A3897619C.jpg,""
media/6E8FA469-5336-4B45-9BB0-0FFD29D1AD76.jpg,""
media/C8E03AF1-FFA7-4B05-BC77-DE36C9FDCBDA.jpg,""
media/8541D3C6-D5BE-4E78-A821-653618982F7D.jpg,""
media/2426F287-AFA4-4AC4-B12F-EF6101AFDF0C.jpg,""
media/36FF1699-7ED5-48CC-A1EE-13EA76BFB552.jpg,""
media/78E860E7-FA5C-4E6D-9924-D1193379E3AD.jpg,""
media/C6649BC2-3223-4B29-8A35-3E48C0C3B6B8.jpg,""
media/B189091C-6DA0-4B4F-84D6-AD4238FF40C1.jpg,""
media/08D3003C-E628-46D9-8F88-74352C1855CE.jpg,""
media/5B69993B-AFF1-4563-9D8E-51574B5E161F.jpg,""
media/D7108F37-2897-4348-AEAB-47CD36E2C2CF.jpg,""
media/CF47522E-7ED4-4D41-9D79-B79C2336CEAC.jpg,""
media/ECBE5172-801E-480B-9790-4A6760974410.jpg,""
media/89C22A60-BA7B-418A-B54C-96BBAADD374E.jpg,""
media/323B65EB-556C-4C34-8B78-DBDA0AFE40EF.jpg,""
media/80972A59-8173-4CB2-861F-1FF0B60AB2CA.jpg,""
media/6CE18696-D738-4655-8DC5-3E3F3CC0AB4F.jpg,""
media/37C94D6A-E836-4128-87E7-04137593BE3A.jpg,""
media/799cbb1d-2af1-4cef-8e50-d2dfb650c6b7.jpg,""
media/579ab11a-9bb2-47c6-b0c7-4623eddd2168.jpg,""
media/E53C8741-596B-4914-8AFF-E169B5743E9C.jpg,""
media/A1D5C365-47BC-4596-BBAD-2C4066269D52.jpg,""
media/CD42EC9F-6C69-40B7-9C01-EE1717DAA4CB.jpg,""
media/181EE5CB-C831-4E4B-9636-298D2AD60D7C.jpg,""
media/716C9E28-4ABD-4923-B557-4B63A4E12C23.jpg,""
media/7EBA1017-CEF3-40F9-836C-9246E7F8DEF5.jpg,""
media/21E8B25E-B429-4468-B784-F8347C795BF5.jpg,""
media/104D6431-41F8-4F0D-B774-C9BFFB22E5CA.jpg,""
media/36EDBF36-28CF-4E7B-B745-57644E104218.jpg,""
media/3A6894E1-10EA-420D-A531-C98208009FAD.jpg,""
media/A33F6999-770A-43F8-9B63-9EA5658F0BDD.jpg,""
media/A83A7FCB-D089-41AF-AFC4-83EF95DCE107.jpg,""
media/3dec78b4-c6f7-4e23-b352-1fbb64d8e2f0.jpg,""
media/9ACF318D-B983-4A14-9A44-8FFB60CE94F4.jpg,""
media/E9A99C46-0D1A-42B5-94C1-3552A1F956B4.jpg,""
media/8312C7A8-6AF4-470B-8AF4-2DF1118D55A5.jpg,""
media/B8E94B00-9295-4D99-9D5B-AECB1388CCAF.jpg,""
media/E9F90759-6C3C-42C3-BB68-225EB06D091D.jpg,""
media/3542A099-D5E3-4F25-99B7-77DBA42D4108.jpg,""
media/7E9125CB-127E-48FC-8101-5017A57221CA.jpg,""
media/6C7F3106-9B18-4579-8931-7C17108822B4.jpg,""
media/951F4691-5199-48C9-9CA7-8685BC2BA12A.jpg,""
media/0EFC0A1A-75BB-4C3A-8B78-FEEFAF22F027.jpg,""
media/0F9DAB98-11ED-4EEE-8D72-D476086A1FB5.jpg,""
media/C1385CFC-4959-4436-B18C-ECEB782724ED.jpg,""
media/5DA53FD2-D19D-46C1-884A-DC9CD0770DA6.jpg,""
media/FFD2FE2C-45CC-4EC4-9285-D9D1BDFCBB88.jpg,""
media/388AC650-4655-42DA-9520-A7055A873FD6.jpg,""
media/5726D05A-CE8E-48F6-81CA-0D90EA8DEB38.jpg,""
media/966C2213-7BD5-487F-BE0E-C07EC1BF9689.jpg,""
media/4b7fb219-5f03-4202-afce-aa9c45381a12.jpg,""
media/4b7fb219-5f03-4202-afce-aa9c45381a12.jpg,""
media/EBC30C8A-74A0-480E-8B6A-5CEB8BC8E968.jpg,""
media/CB235167-A80A-4CBA-9E0C-118EACF5FFA9.jpg,""
media/A7CA14E4-C953-4C1E-A0B1-3326992CB997.jpg,""
media/CFDAC782-20C9-4198-B3B2-4085DF9947F2.jpg,""
media/B462DF63-9FA5-4378-B123-8690EA5A3BA2.jpg,""
media/5C97791F-DF7F-409B-92D6-10896214AFB1.jpg,""
media/81DF4913-678D-4681-AECD-B767ED14A38B.jpg,""
media/7F3F69FD-E527-447F-87DF-3E7EAF4F5906.jpg,Was able to snag the KOM Jersey with a PR
media/AC84E85C-7B6C-4795-9741-B1E42CFD6937.jpg,""
media/7c428ef9-0d0e-4697-9c0e-f906aa2cdd96.jpg,""
media/3245119f-9011-4166-939a-0e221b941644.jpg,""
media/48B4DE09-6643-4D01-A4B2-B7466E94B1E5.jpg,""
media/E8B46C80-1706-4707-877A-6EA5A2206B63.jpg,""
media/D998B507-849F-4A40-8B4B-8A9DA515B38B.jpg,""
media/c665da94-a565-4d2e-b57e-e836f0a043c6.jpg,""
media/93A51A86-CA06-4F67-A4BE-1553AF555886.jpg,""
media/B10DB871-4CAD-47D9-AEC9-96668145949A.jpg,""
media/AD826B51-0ADC-4D62-BD3D-788F70919095.jpg,""
media/03C1D027-92EE-4561-ABF3-C1A7FA353B70.jpg,""
media/66C9D71F-55D5-43BA-A571-82F6E067F8B3.jpg,""
media/b4dc34fe-5ae0-4365-974e-2aeb9fdff5f8.jpg,""
media/B7D05C21-827E-4AF9-8842-AB544BDF13FD.jpg,""
media/0C106D70-3A03-4FFB-8270-6C75C47B7A7A.jpg,""
media/8CD4DDF2-E6DB-4E06-9F2D-B855B09CF59D.jpg,""
media/ba8fe2e3-3d21-49a3-af71-15357b60af95.jpg,""
media/7FE383C9-71E9-4F4B-AB87-8D630B451D9C.jpg,""
media/C0B03A3A-9F32-4802-A1E7-8B380C6976C7.jpg,""
media/D29B556A-7E20-4032-B997-D7EB8BCE675F.jpg,""
media/600A5A4D-84CA-4BA3-AA0F-7AC5451CCAF8.jpg,""
media/6FFCA34A-1AD8-47B8-BCD0-6DD445A12F36.jpg,""
media/1EAF6EE2-52BB-4ABB-BA73-D074300766C5.jpg,""
media/24228407-48BE-478C-9241-28D0D1820DC1.jpg,""
media/7BB8A790-FFBF-40D9-A13F-81DEF81DF9E4.jpg,""
media/F659D12C-6BE6-4FF7-B59C-B4A1FC71F164.jpg,""
media/CBA8AE4A-5AF8-4F13-8C68-3681FE4BCFAD.jpg,""
media/B3E3DDE1-3ECF-44B0-B499-B206DE10C2EA.jpg,""
media/8DE35A49-8D2E-435B-8F07-5C3F63C4C85D.jpg,""
media/FCC77474-A94A-4297-BFEF-A85F1BBE911F.jpg,""
media/E2AECA88-AFD1-428E-9DEB-D8B9B6008B48.jpg,""
media/86DC1202-7125-4D61-884F-6FF8D4243CD9.jpg,""
media/9AB11F2B-856B-462A-88A7-E70A53EEA03A.jpg,""
media/D0EC4460-F1D6-4D01-9F01-663F995FC0B3.jpg,""
media/07BEDF0E-57ED-4AD5-BC5C-D76C1F1EFF26.jpg,""
media/B7441EE0-8F6B-4605-A89B-49AEE4296C0A.jpg,""
media/E49C652D-547E-48EE-8727-53E49F93E878.jpg,""
media/758EC454-00AD-452D-8624-51A6BCB6E66D.jpg,""
media/A673EF2A-51AC-4571-8EB2-BA911FDE6876.jpg,""
media/DC875275-B592-4645-B2B5-3D31E2AC1DE1.jpg,""
media/FCC16F82-3239-41DD-AB2C-6893D47EF370.jpg,""
media/1E31C714-812C-4FC7-8BFE-2B11740C1D77.jpg,""
media/AE7047D8-8939-4BB4-9947-6CB753CBD549.jpg,""
media/58522DE9-CF1E-4FCB-889C-0C912BE2C520.jpg,""
media/B266C3E2-6ACC-464F-9FD8-B51968A52D64.jpg,""
media/5B651B10-FD4C-477A-8891-B2C5FDEA5A3B.jpg,""
media/5F6CEA07-966B-4F81-BFE7-9DEF7D238FB1.jpg,""
media/49CB4A7C-10F9-4F0B-9048-A31D2EEF8F84.jpg,""
media/7FC9E1A4-2371-41D6-9049-848F7693EC4E.jpg,""
media/51DF45C9-2156-4D6B-8EA7-9AD17A2A3D6D.jpg,""
media/7B315E88-BF1E-4B6A-BBA6-ECB3F406B646.jpg,""
media/E332DB05-0F05-4981-B329-4FC168321E8C.jpg,""
media/30A410CA-EEA4-456F-96AD-404284820216.jpg,""
media/AC71D0FF-1F86-4763-A9B9-4848407775DD.jpg,""
media/D3F974C7-ED95-47C0-872C-79628B33C5D1.jpg,""
media/8206CAF3-2874-4F54-BAC1-FF24F8ABBA49.jpg,""
media/DB36668C-E6D9-4C27-83C1-E26088EE4DF4.jpg,""
media/1481B05B-DBB1-4A14-B414-A07904C18B11.jpg,""
media/58531783-F5AE-4A6F-AC2C-706714128446.jpg,""
media/5FA6C192-FF6E-4422-9CB3-DFDC9B2702C3.jpg,""
media/97256AD5-AF11-4E2C-9E7A-86E604E11FAD.jpg,""
media/FE1F3D90-5730-460B-9945-4857A99E7BAF.jpg,""
media/CB78E715-3AAC-49B4-90C4-F222F572EE1E.jpg,""
media/AE15308B-4767-44B8-A6BD-C36EBF8E3BD4.jpg,""
media/93EA47C0-FC3A-44A7-92AC-2290B2310F26.jpg,""
media/F19FA411-F4CE-4F9C-BC93-64490778AB03.jpg,""
media/8A2ADA99-EAA3-4B0C-9F3C-21FCB15FBA5D.jpg,""
media/1028BB01-50A6-47F9-A5D8-ECBD6F14CD15.jpg,""
media/80E06E2E-4CC6-4F78-A846-5714EF84D0B4.jpg,""
media/4A67DD32-E3FD-4888-8232-1CDFA0D18A03.jpg,""
media/5D59E8E5-54B8-4666-A2E5-E612CEB138B6.jpg,""
media/E009E305-EE10-44C5-9B4B-7A796A3D6164.jpg,""
media/48CE3A43-69E5-46D1-94EF-CE6A6443030E.jpg,""
media/05EFBAE6-EEA3-4B6F-839A-B69340A909DF.jpg,""
media/E9B00F8D-85F0-4882-B2D7-CDD1CA13B845.jpg,""
media/2EF58136-9823-4C4A-86E5-3AE382B89037.jpg,""
media/19A28D12-BEDF-4F3D-A81B-3623C9C32DB7.jpg,""
media/C7A6BC12-F2D5-41BB-96EC-342CCDB1FC91.jpg,""
media/E524E615-91F8-4E11-923B-9CCC46791ECA.jpg,""
media/D38EF3FA-C6E5-47E8-B3E4-B2ED5E4B6342.jpg,""
media/791D94FA-6826-4DD6-9324-E679AEFC2709.jpg,""
media/DA36E844-056D-468B-BD11-91E88C6C2DA4.jpg,""
media/8984B616-44E7-4A98-BF5A-5BDE8338E326.jpg,""
media/6E0FE8FE-C79F-461C-902E-CE4A09B1A01A.jpg,""
media/BE0A5F6C-52D7-490E-8843-5D198E682E2D.jpg,""
media/C4AF5869-C452-4518-898A-DF95F716D206.jpg,""
media/48BCA522-8470-4C79-A7F9-7BC71FC698F6.jpg,""
media/3DEB534E-BC4C-431F-AE07-39C02C8B2505.jpg,""
media/70CFA0DD-E64D-4E94-8573-DC842076689B.jpg,""
media/0169AB96-B47A-4FDC-AE18-1547E7AA96AC.jpg,""
media/9ECDA970-CC1A-403B-991A-7823DE1FC637.jpg,""
media/5722B6AC-4984-45D5-B826-1B4E39AAE889.jpg,""
media/DBB45C4A-B8AB-4403-AC35-9F5AF11B821B.jpg,""
media/56A40CF1-2FD2-409C-AC23-36ADDE963EAF.jpg,""
media/0AB71850-2FB3-420C-BAB2-2FF3F6D961A7.jpg,""
media/806459B1-AEB4-4731-9748-9558C92C4A53.jpg,""
media/5DD2C68C-1CAE-462F-809B-35506AEF1907.jpg,""
media/AA3B5C46-9F40-4E27-B3AC-242F643F78B3.jpg,""
media/18710BA0-D0EF-4FD2-A327-4D72E2E06860.jpg,""
media/C00FFF9B-2531-4569-A616-EC4261500203.jpg,""
media/CB27152F-CF27-4A9F-9F54-9F942FEFE559.jpg,""
media/CE0A3A5B-A7F5-48DB-B382-020C023A25A1.jpg,""
media/B8C0ED22-0075-4BE0-B45B-73D52FF1AC3A.jpg,""
media/bdbe4e27-50e6-45b9-a18f-ab3b810ed9d9.jpg,""
media/986be14c-0b33-42d4-aed1-4d1fc8c8ec6b.jpg,""
media/8AFFE181-FCBB-4C2A-9A04-E418AB51B70F.jpg,""
media/90B44E41-8D2A-4088-8BB5-3773226D11A7.jpg,""
media/1F8972E6-7C9B-454D-B543-0FFF5703B041.jpg,""
media/945146B2-C748-4938-AFCA-5BAA09D425A7.jpg,""
media/3E5FF7AF-673F-4C3D-83DD-2C279EC83EAF.jpg,""
media/7D32730F-DAE3-4FED-BE0E-1525CF0C6638.jpg,""
media/56C0991E-87D6-4976-AFB2-E22DFD474BBE.jpg,""
media/6E5DC079-025D-41DB-BC1A-F8664C0802DF.jpg,""
media/40611686-9B14-4B95-B087-3AD3E8C49232.jpg,""
media/CA418B60-CDB9-40E5-9FA9-581899424968.jpg,""
media/96B5CD06-A084-4270-A654-B190F8646EFE.jpg,""
media/BB35054E-133B-4CE9-A8F7-382956CA94E3.jpg,""
media/AD38000A-EC48-4E9C-8DCD-36D2EB67E352.jpg,""
media/814E9374-50B9-41B0-A143-F91781C159AE.jpg,""
media/A41500AD-E171-4006-A65A-66B0DE19D05F.jpg,""
media/CC1838C3-4F87-4C3D-8B7D-59FAD7DB624E.jpg,""
media/0C08B3FB-5C16-4316-A2B4-F6505C683663.jpg,""
media/ECA5E15C-AEA8-448A-AA62-0818BCBBB3BF.jpg,""
media/BB26144A-62E1-4CE8-95E7-76EF32942DC2.jpg,""
media/CF074DEE-2CBD-4138-9861-3794FFAA318E.jpg,""
media/73FDBBC4-2078-4552-B260-D0465BC2100D.jpg,""
media/BBF069E3-D889-4A59-B532-AB2493CD84A1.jpg,""
media/0898A889-ABC5-4719-B010-44CBAFA1CA30.jpg,""
media/F2F6CE75-CF87-4ACE-A6E9-D792D2F55117.jpg,I got some aerobars that sorta match the frame
media/3122F73D-8F3E-4230-9F81-EEE15901432C.jpg,""
media/2E8E4478-C31B-422D-874C-F2AB30C5147F.jpg,""
media/589C3D8C-2C7D-46C6-8E12-7D7E0FC20908.jpg,""
media/C2660406-2179-4EA0-B1CB-61C123F533C0.jpg,""
media/3DED5F53-A844-400F-93FB-9097EC4C4FFD.jpg,""
media/6FB60FFB-63D9-494A-9A2C-A79D1F97D85C.jpg,""
media/554CC0D2-52E9-4035-A0C7-0F9F96C6070C.jpg,""
media/52F881F9-24D1-422D-96F8-A664ABD3CD37.jpg,""
media/C26DB075-607D-444D-BC86-969E28C5FC90.jpg,""
media/EBBC747C-89BA-4DE5-B452-B924900437AA.jpg,""
media/BEC733F3-E01D-4CCE-9CAF-79AA9A9CFB22.jpg,""
media/7006A5F2-BE9D-4BE0-953D-48E31C0B3EB8.jpg,""
media/0B6AED3E-2BAF-4782-AC86-9FEE0C95EA0C.jpg,""
media/26CCB4CC-0B7F-41AC-803C-F5BCEDE2ADAC.jpg,""
media/A3C4098E-945D-4471-82B5-C430919C99DA.jpg,""
media/D5F0C422-C444-4569-8BB5-C3E6C1110E8A.jpg,""
media/CB813930-A799-40CA-81CF-6BAA47651BBB.jpg,""
media/A9213C49-7C7A-4E33-94BA-B582BB8B2DF7.jpg,""
media/E0E27979-346D-4D78-9A38-97ECA22FAB51.jpg,""
media/B05BB301-B36C-4775-8E08-CE4ACC98C4EA.jpg,""
media/7AF62A57-35EB-4B85-833B-7B9E0D8AC86F.jpg,""
media/731F863D-7494-46AA-AD43-32B2E25E2E4D.jpg,""
media/02F41C1E-F000-43AB-8F9A-800750AD8E86.jpg,""
media/E5B83EA4-2E5C-40D8-B894-109D3FFAE3B3.jpg,""
media/F4FBEFB9-A662-4E3E-8B9C-F04E57FC36A1.jpg,""
media/8AF1BBA7-FCDE-4856-8452-1495DEE6DA45.jpg,""
media/2340D3A3-F13E-41FC-8B7B-D458E22D7DFB.jpg,""
media/D8F67F67-143A-4F2B-A6CC-D0FB771E9C21.jpg,""
media/EEA3A8BE-78AD-4350-BB56-9CE3A2A6D570.jpg,""
media/2027E309-6839-45FD-A7C5-D0A1BF4D4529.jpg,""
media/A89A85EF-18B2-4865-AD75-3A3EF6A8ED05.jpg,""
media/873BEF6D-3E52-46C3-A86A-7E8B0500A651.jpg,""
media/6BC4482C-3F9E-4175-81CF-5D20951970CD.jpg,""
media/48BF63D0-4089-43CF-9C0F-0C4EEEF14F61.jpg,""
media/DC441CC2-3A85-4947-90B6-3859F7E2E43B.jpg,""
media/EDFA6D30-AA22-48F9-BE45-D00765C6A4A7.jpg,""
media/DE43FA51-BB3F-4B89-A244-3606C12D13AC.jpg,""
media/170685D0-2C0E-4901-8C68-C5C59746BFBD.jpg,""
media/8EB7213C-E3AF-44BC-BFB3-0B6A462BD479.jpg,""
media/4854FAA5-CC4C-42C6-8F94-A695FA0CA6F6.jpg,""
media/1305955F-E2F2-46E8-8037-98261B81EC5A.jpg,""
media/09732AC5-665A-43B6-9305-635C52DEB2AF.jpg,""
media/078FA1B0-34E2-4214-81C4-6517FCB504C2.jpg,""
media/A85ED96B-1DA9-4CB5-9BFA-20C3603CCE51.jpg,""
media/81F93FC5-A5AB-4AC5-B8EA-06CDD0E58086.jpg,""
media/B5270925-F241-4BF7-82DC-94498272C738.jpg,""
media/AE47F373-57BE-46B7-B796-0C29C41900B1.jpg,""
media/089C4312-CF24-4D7E-9C60-68EDE57C6246.jpg,""
media/92E9B1E1-359C-4B53-88BD-767DF2E898B5.jpg,""
media/C7DE5861-60C3-4D1D-8614-AD478491160F.jpg,""
media/D6FA2F88-87B5-4851-88EC-4E2AD48FDF34.jpg,""
media/7CA87513-46ED-4268-96CC-AB7C7F61DA5A.jpg,""
media/42D7043E-502C-404F-B6A0-66BA1ECD6ACC.jpg,""
media/5941BED6-DF40-46D6-89BE-B6CCCC4CD864.jpg,""
media/2FEB3DD9-12A7-45CC-A293-0FF4487E5D70.jpg,""
media/873C5E05-5849-4FDC-8D99-23C54C2A08FA.jpg,""
media/61679AB1-403E-4396-B197-9353482EBE0F.jpg,""
media/4A19F0DD-977D-429E-94CA-14F54D0171E7.jpg,""
media/8FC61ED9-9066-4DE8-BD0E-F859F4D4A1AD.jpg,""
media/6CA69FEA-8A10-4639-9CAD-6FD7AF4C5008.jpg,""
media/E8384C77-D50D-4AA4-9552-3C3DF0703730.jpg,""
media/BDC866C3-6DA9-461A-AD44-D062417D5063.jpg,""
media/57CD3D5C-2AB5-46F1-8632-F2A91CE0CF9B.jpg,""
media/5DE6534F-F3C2-44C1-9203-D8C79FC94D5F.jpg,""
media/5A295C1E-5031-4867-9681-3D53EA5F0488.jpg,""
media/5FB40359-6808-41F0-9F5B-A269228D1C64.jpg,""
media/7D666C81-710E-4C2F-B3E2-C721271CFAAB.jpg,""
media/B5E0CC67-8F2E-4F9E-AB16-E24CB8482E18.jpg,""
media/930EB0A6-5AF7-4923-A6BF-53649C6B28BB.jpg,""
media/59F28335-B366-4311-B581-7D31026FDE23.jpg,""
media/6AC9747E-BF8F-4660-96F1-CF9D33B30917.jpg,""
media/0549081F-BF78-407A-98FE-AD573DE4A9E1.jpg,""
media/A1923089-DF94-4AAE-8287-13BEB757CC4F.jpg,""
media/9BFFC484-F532-418A-A8C6-2C534114E7CB.jpg,""
media/2E266AEE-BB1B-4F5A-B931-F12BFD5A266C.jpg,""
media/E294236F-D8DA-443B-8212-1286113DA2DD.jpg,""
media/7E1F85FD-6AAE-41C3-8881-8EA242EEE648.jpg,""
media/6B187824-A2B7-4B7D-BB74-5382608D17CE.jpg,""
media/2CD4FC2A-7AB3-41F5-B2B0-888E6289240D.jpg,""
media/2E70A7C5-EAED-42FE-954F-110F8301DE13.jpg,""
media/AA93FF6F-3A04-41DD-BD28-4C37820D884E.jpg,""
media/6B2BF6BA-CD5B-4D23-9D27-46F179EF17A1.jpg,""
